#pragma once
#include "epd_driver.h"
const uint8_t OpenSans12BBitmaps[17206] = {
    0x78, 0x9C, 0x03, 0x00, 0x00, 0x00, 0x00, 0x01, 0x78, 0x9C, 0xFB, 0xF0, 0x5F, 0xFE, 0xC1, 0x7F,
    0xFE, 0x0B, 0x60, 0x74, 0xE0, 0x3F, 0xDF, 0x06, 0x10, 0xE2, 0x5D, 0xF0, 0x9F, 0x07, 0x88, 0x26,
    0xFC, 0xE7, 0x6E, 0xF8, 0xCF, 0x05, 0x44, 0x0C, 0x60, 0x10, 0xF0, 0x8E, 0xE3, 0xC3, 0x7F, 0x7B,
    0x20, 0x0A, 0xF8, 0xC7, 0x01, 0x00, 0x48, 0x56, 0x1B, 0xF9, 0x78, 0x9C, 0xFB, 0xA5, 0x7F, 0xE1,
    0xFF, 0x2F, 0x34, 0xCC, 0x00, 0x04, 0x00, 0xD5, 0x9C, 0x0E, 0xD9, 0x78, 0x9C, 0x63, 0x60, 0x78,
    0x30, 0x9F, 0xE1, 0x27, 0x1F, 0x03, 0x03, 0xC3, 0xA7, 0x78, 0x86, 0xBF, 0x5C, 0x40, 0xFA, 0xAB,
    0xBE, 0xC0, 0x7F, 0x36, 0x20, 0xFD, 0x93, 0xCF, 0xE1, 0x3F, 0x33, 0x43, 0xC0, 0x7F, 0x30, 0x60,
    0x6E, 0x80, 0xD0, 0x0C, 0x0C, 0x06, 0xFF, 0x99, 0x1F, 0xF4, 0x03, 0xA5, 0x13, 0xFE, 0x33, 0x7E,
    0x8C, 0x07, 0xD2, 0x0D, 0xEF, 0x19, 0xBE, 0xD8, 0x03, 0xE9, 0x0D, 0xFB, 0x19, 0xBE, 0xF3, 0x33,
    0x30, 0x7C, 0x06, 0x2B, 0x8B, 0x67, 0xF8, 0x06, 0xA6, 0xE5, 0x19, 0x18, 0xBE, 0xC9, 0x43, 0x8D,
    0xE3, 0x0D, 0xF8, 0xCF, 0x04, 0xA4, 0xFF, 0x72, 0x01, 0x75, 0x00, 0xC1, 0x7F, 0xB6, 0x03, 0xEB,
    0x81, 0x14, 0x00, 0xD8, 0x54, 0x36, 0x58, 0x78, 0x9C, 0x63, 0x60, 0x68, 0xB0, 0x67, 0x00, 0x01,
    0x08, 0x55, 0xF0, 0xF7, 0xFF, 0x39, 0x76, 0x06, 0x81, 0xBF, 0xFF, 0xFF, 0xFF, 0x97, 0x67, 0x38,
    0xF0, 0x1F, 0x4C, 0x7D, 0xF9, 0x3F, 0xDD, 0x3F, 0x59, 0x86, 0xE1, 0xFB, 0x79, 0xB0, 0x92, 0xEF,
    0xEF, 0xC1, 0xD4, 0x97, 0xFF, 0xAB, 0x41, 0xD4, 0x85, 0xFF, 0xFF, 0xF3, 0x81, 0x94, 0xC2, 0xBF,
    0xFF, 0xFF, 0x7D, 0x80, 0xF4, 0x44, 0xA0, 0x06, 0x4E, 0x20, 0xBD, 0xF1, 0xFF, 0xFF, 0x7A, 0x90,
    0x99, 0xFD, 0xFF, 0xFE, 0x83, 0x8D, 0xFE, 0xFC, 0x9F, 0xA9, 0x08, 0x48, 0x7D, 0xFC, 0xCF, 0xF4,
    0xA9, 0x6E, 0x52, 0xFC, 0xAF, 0xFF, 0x0C, 0x9F, 0x40, 0x46, 0xCF, 0x87, 0x50, 0xDC, 0x0C, 0x02,
    0x27, 0xFE, 0xBD, 0x8F, 0x42, 0x38, 0x02, 0x85, 0x02, 0x00, 0xC6, 0x93, 0x43, 0xAB, 0x78, 0x9C,
    0x25, 0xCD, 0xDF, 0x0D, 0xC1, 0x60, 0x14, 0x05, 0xF0, 0x23, 0x1A, 0x55, 0xD5, 0xC4, 0x43, 0x23,
    0xF1, 0x22, 0xDD, 0xA0, 0x36, 0x60, 0x03, 0x23, 0x30, 0x80, 0x84, 0x0D, 0x74, 0x02, 0x7F, 0x26,
    0x60, 0x83, 0x8A, 0x05, 0xDA, 0x0D, 0xD8, 0xA0, 0xFA, 0x26, 0x5E, 0x5A, 0x44, 0xAA, 0xA2, 0xDF,
    0x71, 0xBF, 0xB8, 0x4F, 0xBF, 0x9C, 0xE4, 0xDC, 0x83, 0x6B, 0xD6, 0x03, 0x46, 0xB4, 0x11, 0x93,
    0x27, 0xE0, 0xCC, 0x1A, 0x8A, 0xF9, 0x82, 0x0D, 0xBC, 0x97, 0xC0, 0xD7, 0x01, 0xAD, 0x01, 0xDB,
    0x80, 0xB2, 0xA1, 0x5A, 0x31, 0xEB, 0x40, 0xA5, 0xB3, 0x62, 0x0D, 0xA0, 0x9C, 0x04, 0x74, 0xE9,
    0x88, 0x52, 0x32, 0x3C, 0xD0, 0x10, 0x79, 0xB7, 0xC4, 0x7C, 0x85, 0xF8, 0x5F, 0x47, 0xF5, 0xB7,
    0x6A, 0xA5, 0xB5, 0x61, 0x57, 0x51, 0x46, 0x80, 0x67, 0xB4, 0xA1, 0xFB, 0x19, 0x8B, 0x2A, 0xFF,
    0x12, 0xE1, 0x2E, 0x8F, 0x02, 0x9A, 0xF9, 0x0E, 0xB9, 0xE8, 0x91, 0x40, 0x67, 0x7A, 0x79, 0x88,
    0x3D, 0x8D, 0xD2, 0xC7, 0x94, 0x16, 0x3C, 0x92, 0x4D, 0xA4, 0x99, 0x94, 0x8E, 0x9C, 0xE1, 0x07,
    0x2A, 0x3B, 0x4B, 0x3F, 0x78, 0x9C, 0x35, 0x8E, 0xBB, 0x0D, 0xC2, 0x40, 0x10, 0x44, 0x47, 0xC2,
    0x42, 0x4E, 0x0C, 0x97, 0x83, 0x04, 0x39, 0x02, 0x1C, 0x22, 0x12, 0xA0, 0x00, 0x44, 0x01, 0x04,
    0xD0, 0x01, 0xD7, 0x01, 0xEE, 0xC0, 0xEE, 0xC0, 0x94, 0x42, 0x48, 0x04, 0x25, 0xD8, 0x39, 0xC1,
    0x21, 0x7E, 0x01, 0xB6, 0x6F, 0x58, 0x9F, 0x60, 0x92, 0x7D, 0xDA, 0xCF, 0xCC, 0x02, 0xBA, 0x34,
    0x53, 0x38, 0xA9, 0x8A, 0x64, 0xD3, 0xE1, 0x41, 0x88, 0x3D, 0x87, 0x39, 0x87, 0x9A, 0x9B, 0x1F,
    0xFA, 0x8A, 0x2B, 0x54, 0x7B, 0x20, 0xE1, 0x28, 0x61, 0x0B, 0x45, 0x2A, 0x67, 0xD6, 0x58, 0xD3,
    0x40, 0x19, 0xCB, 0xC6, 0x83, 0xEC, 0x00, 0x76, 0x07, 0x44, 0x62, 0x90, 0xA2, 0xCF, 0x31, 0x50,
    0x70, 0x5D, 0xB2, 0x1B, 0x31, 0x80, 0x96, 0x96, 0xE6, 0xE5, 0x2E, 0x29, 0x39, 0xDB, 0xC0, 0x93,
    0x36, 0x03, 0x6E, 0x32, 0xC1, 0x96, 0x9C, 0xD5, 0x28, 0xA1, 0xA1, 0xFB, 0xE2, 0xC8, 0xCC, 0x5B,
    0x7C, 0xC8, 0xA5, 0xF2, 0xE6, 0xFC, 0x2B, 0xC0, 0xAB, 0x2E, 0x83, 0x77, 0x8D, 0xEA, 0x64, 0xCF,
    0x13, 0x84, 0xD7, 0xCC, 0xFF, 0x02, 0x6D, 0xC8, 0x5F, 0x9A, 0x78, 0x9C, 0xFB, 0x2B, 0xFF, 0x17,
    0x0A, 0x01, 0x20, 0xB7, 0x05, 0x8D, 0x78, 0x9C, 0x2D, 0x8C, 0x31, 0x15, 0x80, 0x30, 0x14, 0x03,
    0x6F, 0x29, 0x3C, 0x06, 0x2C, 0x80, 0x05, 0x24, 0xE0, 0x08, 0x09, 0x20, 0x01, 0x27, 0xB5, 0x50,
    0x09, 0x75, 0x00, 0x0E, 0xE8, 0x44, 0x59, 0xE0, 0xD3, 0xF0, 0x58, 0x32, 0x5C, 0x2E, 0x81, 0xEC,
    0x61, 0xB0, 0x0E, 0xA2, 0x55, 0x70, 0x1E, 0xC0, 0x3D, 0x0B, 0xF5, 0xB0, 0x58, 0x0B, 0xC1, 0x1A,
    0xD8, 0xAD, 0x86, 0x24, 0x23, 0x99, 0xFB, 0xE3, 0x63, 0x51, 0xED, 0x2A, 0x6F, 0xD4, 0x82, 0x67,
    0x2A, 0x91, 0x37, 0x54, 0x3B, 0xC1, 0xF2, 0xCC, 0xE5, 0x79, 0x01, 0x70, 0x89, 0x23, 0x72, 0x78,
    0x9C, 0xFB, 0xBE, 0x9F, 0x81, 0xE1, 0xC0, 0x7F, 0x76, 0x06, 0x85, 0xFF, 0xFA, 0x0C, 0x0C, 0xBF,
    0xD6, 0x33, 0x30, 0x7C, 0xFE, 0xCF, 0xC4, 0x70, 0x01, 0x28, 0x30, 0xE1, 0x3F, 0x0F, 0x43, 0xC0,
    0x7F, 0x7E, 0x06, 0x03, 0xA0, 0x84, 0xC2, 0x7F, 0x7B, 0x06, 0x81, 0xFF, 0xFE, 0x60, 0x1A, 0xC4,
    0x0F, 0xF8, 0x2F, 0x0F, 0x96, 0xBF, 0xF0, 0x9F, 0x83, 0xE1, 0xD3, 0x7F, 0x66, 0x86, 0x5F, 0xFB,
    0xC1, 0x52, 0x20, 0x73, 0xBE, 0x03, 0xCD, 0x03, 0x00, 0x8C, 0x23, 0x21, 0x74, 0x78, 0x9C, 0x63,
    0x60, 0xF8, 0xC5, 0xCF, 0x00, 0x04, 0x3F, 0xF8, 0x40, 0xE4, 0x37, 0x1E, 0x06, 0x86, 0x82, 0xEC,
    0xAF, 0xDE, 0x27, 0x19, 0x2E, 0xFC, 0x07, 0x02, 0xE6, 0x86, 0xD7, 0xFF, 0xFF, 0xCF, 0x61, 0x66,
    0x70, 0xF8, 0xBF, 0x1E, 0x28, 0xF9, 0x25, 0xFF, 0x1F, 0x27, 0x03, 0xC3, 0x5F, 0xDE, 0x6F, 0xFE,
    0x0C, 0x0C, 0x0B, 0x59, 0x36, 0xB0, 0x30, 0x00, 0x00, 0x92, 0xD4, 0x16, 0xCD, 0x78, 0x9C, 0x63,
    0x60, 0x48, 0xF8, 0xCF, 0xC8, 0x00, 0x04, 0xB8, 0xA9, 0x8F, 0xFF, 0x41, 0x80, 0x07, 0x4A, 0xE1,
    0x53, 0x09, 0xA5, 0x00, 0x4D, 0x5C, 0x19, 0xB1, 0x78, 0x9C, 0x4B, 0xF8, 0xAF, 0x3F, 0xE1, 0x3F,
    0xEF, 0x81, 0xFF, 0x1C, 0x1F, 0xFE, 0x33, 0x7F, 0x7E, 0xCF, 0xF0, 0x6D, 0x3D, 0x03, 0x00, 0x65,
    0x1B, 0x0A, 0x6B, 0x78, 0x9C, 0xFB, 0xF2, 0xFF, 0x7F, 0xFE, 0x17, 0x28, 0x06, 0x00, 0x44, 0x46,
    0x0A, 0x24, 0x78, 0x9C, 0x3B, 0xB4, 0x9F, 0xF1, 0xCF, 0x7F, 0x0E, 0x20, 0xBA, 0xBC, 0x9F, 0x11,
    0x00, 0x31, 0x6A, 0x07, 0x1C, 0x78, 0x9C, 0x25, 0xCC, 0xD1, 0x0D, 0x43, 0x00, 0x18, 0x45, 0xE1,
    0x5F, 0x45, 0xA4, 0x11, 0x62, 0x03, 0x36, 0xE8, 0x0A, 0x36, 0x30, 0x02, 0x9B, 0x30, 0x82, 0x0D,
    0xAC, 0x60, 0x03, 0x23, 0xD4, 0x08, 0x36, 0x10, 0x4D, 0x55, 0x44, 0xE4, 0xEA, 0xE1, 0xE5, 0x7C,
    0x6F, 0xC7, 0xCC, 0x6C, 0xD1, 0xE3, 0x5F, 0xDB, 0x7B, 0x9A, 0x2A, 0x87, 0x46, 0x21, 0xCC, 0xF2,
    0x61, 0x95, 0x03, 0x47, 0x4B, 0x33, 0xBD, 0xA0, 0x53, 0x00, 0x1F, 0x79, 0xB0, 0x4D, 0xD4, 0x54,
    0xD1, 0x52, 0x09, 0x0C, 0x7A, 0xC2, 0x57, 0xEE, 0xB5, 0x7F, 0xD3, 0x58, 0x05, 0xD4, 0x8A, 0x60,
    0xBC, 0xF7, 0xBF, 0x7B, 0x7F, 0x02, 0x9C, 0xA7, 0x22, 0xB6, 0x78, 0x9C, 0x63, 0x60, 0xD8, 0xFA,
    0x6F, 0x1D, 0x33, 0x03, 0xC3, 0x82, 0xFF, 0xFF, 0xFF, 0xC7, 0x33, 0x30, 0xFC, 0x00, 0x52, 0xFF,
    0x99, 0x04, 0xFE, 0xBF, 0x67, 0xFE, 0xF5, 0x9F, 0xAB, 0xE0, 0x7F, 0x3E, 0xC3, 0x87, 0xFF, 0xFC,
    0x07, 0xFE, 0xCB, 0x33, 0x6C, 0xF8, 0x6F, 0xFF, 0xE1, 0x3F, 0x1F, 0x43, 0xC3, 0xFF, 0xFC, 0x8F,
    0xFF, 0x79, 0x19, 0x0A, 0xFE, 0xD7, 0x7F, 0xFC, 0xCF, 0xC3, 0x90, 0xF0, 0xBF, 0xFF, 0x13, 0x98,
    0x02, 0xF3, 0x80, 0x82, 0x10, 0x25, 0xF1, 0x17, 0xC0, 0x1A, 0xF4, 0x17, 0x80, 0xB5, 0xF3, 0x3A,
    0xFC, 0x7F, 0x2F, 0xFC, 0xEB, 0x3F, 0x3B, 0xC3, 0x1F, 0xA0, 0xC9, 0xEF, 0x19, 0x18, 0x2E, 0x02,
    0x29, 0x3D, 0x06, 0x06, 0x86, 0xE3, 0xFF, 0x7B, 0x19, 0x19, 0x00, 0x50, 0x75, 0x45, 0xB2, 0x78,
    0x9C, 0x63, 0x60, 0x38, 0xF8, 0x9F, 0x89, 0x21, 0xE0, 0xDF, 0x7F, 0xA6, 0x80, 0x3F, 0xFF, 0xFF,
    0x33, 0x7D, 0xFB, 0x0F, 0x22, 0xDE, 0xFF, 0xFD, 0xCF, 0x74, 0x4D, 0xFC, 0x37, 0x50, 0x82, 0x81,
    0x7C, 0x02, 0x00, 0x0A, 0x4E, 0x29, 0xEF, 0x78, 0x9C, 0x63, 0x58, 0xFA, 0xF7, 0xBE, 0x26, 0xC3,
    0xC5, 0xFF, 0x40, 0xC0, 0xFA, 0x09, 0x44, 0xCA, 0x7F, 0x8A, 0x61, 0x7C, 0xF2, 0xBF, 0xBE, 0x88,
    0x81, 0x21, 0xE1, 0xFF, 0x7A, 0x06, 0x06, 0x06, 0x07, 0x30, 0xD9, 0xF0, 0xBF, 0x1E, 0x48, 0x7E,
    0xFA, 0xAF, 0xCF, 0xC0, 0xA0, 0xF0, 0xEF, 0x3F, 0x07, 0x03, 0xC3, 0xD7, 0xFF, 0xFB, 0x41, 0xA2,
    0xFF, 0x39, 0x19, 0x18, 0x7E, 0xFE, 0xCF, 0x67, 0x60, 0x28, 0xF8, 0xFF, 0x9E, 0x99, 0x81, 0xE1,
    0xE3, 0x7F, 0x3D, 0xA0, 0xB2, 0x1F, 0xFF, 0xD9, 0x80, 0xE4, 0x5F, 0x90, 0x69, 0xEB, 0xFF, 0x23,
    0x91, 0x00, 0xB8, 0x15, 0x3A, 0x05, 0x78, 0x9C, 0x33, 0x38, 0xF9, 0xEF, 0x1C, 0x1B, 0xC3, 0x83,
    0xFF, 0xFF, 0xFF, 0x9F, 0x67, 0x04, 0x91, 0xFF, 0xB9, 0x36, 0xA8, 0x29, 0xFC, 0xFC, 0xCF, 0xCF,
    0xC0, 0xC0, 0xF0, 0x01, 0x4A, 0xF2, 0x32, 0x30, 0x18, 0xFE, 0xFE, 0xCF, 0xC6, 0xF0, 0xE7, 0xFF,
    0xFF, 0x3C, 0x06, 0x20, 0xF9, 0x5E, 0x0C, 0x44, 0xFE, 0x7F, 0xCF, 0x0C, 0x14, 0xFF, 0xF5, 0x5F,
    0x0E, 0xA8, 0x66, 0xC2, 0xFF, 0x7C, 0x20, 0x99, 0xF0, 0xBF, 0x1F, 0xCC, 0xAE, 0x9F, 0x21, 0xAC,
    0xF0, 0xE3, 0xBF, 0xFD, 0x4F, 0x90, 0x69, 0xDC, 0x20, 0x72, 0x3F, 0x43, 0xD3, 0x9B, 0xFF, 0x6B,
    0x59, 0x18, 0x00, 0xDB, 0x25, 0x37, 0xF1, 0x78, 0x9C, 0x63, 0x60, 0x60, 0x30, 0xF8, 0xBF, 0x9E,
    0x01, 0x08, 0x36, 0x40, 0xA8, 0x2F, 0x10, 0xEA, 0x2F, 0x98, 0x9A, 0xF0, 0x1F, 0x4C, 0x7D, 0x39,
    0xFF, 0x0F, 0x48, 0x09, 0xFC, 0xB3, 0x07, 0x51, 0x1B, 0xFE, 0x73, 0x80, 0xA8, 0x1F, 0xF7, 0x19,
    0x80, 0x54, 0xC2, 0x7F, 0x7D, 0x10, 0xF5, 0xF9, 0x3F, 0x2B, 0x88, 0xFA, 0xF1, 0x1F, 0x04, 0xF6,
    0xA3, 0x52, 0x20, 0xD3, 0xFE, 0x81, 0xCD, 0xC4, 0xA4, 0x00, 0x44, 0x44, 0x3B, 0xC2, 0x78, 0x9C,
    0x4B, 0xF8, 0x0F, 0x04, 0x7C, 0x05, 0x60, 0xB2, 0x01, 0x4C, 0x4E, 0xF8, 0xCF, 0xC9, 0xC0, 0xC0,
    0xB0, 0xE0, 0x3F, 0x07, 0x90, 0xDC, 0xF0, 0x9F, 0x1D, 0x48, 0x1E, 0xF8, 0xCF, 0x06, 0x24, 0x2F,
    0xFC, 0xFF, 0x7F, 0x5F, 0x93, 0xE1, 0x01, 0x48, 0x0D, 0xCB, 0x07, 0x10, 0x29, 0xAF, 0xC0, 0xA8,
    0xF0, 0xFD, 0x7F, 0x3D, 0x50, 0xAA, 0xE0, 0xFF, 0x7A, 0x20, 0xE9, 0xF0, 0x7F, 0x3F, 0x98, 0xDD,
    0xBF, 0x45, 0x45, 0xE0, 0xFB, 0x7F, 0xFB, 0x2F, 0x20, 0x35, 0x5C, 0x20, 0x72, 0x3D, 0x43, 0xE1,
    0x9B, 0xFF, 0x6B, 0x59, 0x18, 0x00, 0x77, 0x06, 0x3A, 0x7E, 0x78, 0x9C, 0x25, 0x8D, 0x31, 0x0A,
    0xC2, 0x50, 0x14, 0x04, 0x07, 0x23, 0xFE, 0x9C, 0xC0, 0x3A, 0xBD, 0x8D, 0x95, 0x85, 0x8D, 0x9E,
    0x20, 0xE4, 0x06, 0x11, 0x3C, 0x89, 0x17, 0x12, 0x6F, 0xA4, 0xB5, 0x08, 0x41, 0x90, 0x44, 0x13,
    0x75, 0x7C, 0xEA, 0x36, 0x33, 0x2C, 0x0B, 0x0B, 0xBB, 0x4B, 0x33, 0x83, 0x8D, 0x5A, 0x43, 0xFB,
    0x43, 0xA1, 0xD3, 0x62, 0xC1, 0xC1, 0x15, 0x91, 0xAB, 0xF9, 0x17, 0xAD, 0xDB, 0xD7, 0x7E, 0xC4,
    0xC3, 0xDE, 0xE8, 0x87, 0x18, 0x7A, 0xE4, 0x69, 0xB9, 0x7E, 0x9B, 0x0D, 0x4E, 0xE8, 0x4C, 0xBD,
    0x19, 0x37, 0xF3, 0xBB, 0xE3, 0x40, 0x0A, 0x23, 0xF4, 0x64, 0x5D, 0xD9, 0x50, 0xF9, 0x7F, 0xE8,
    0x02, 0x09, 0xE6, 0xE7, 0x66, 0x09, 0x1F, 0x49, 0xA2, 0x43, 0xDD, 0x78, 0x9C, 0xFB, 0xFB, 0x1F,
    0x04, 0x58, 0xFF, 0x22, 0x53, 0x4C, 0x0C, 0x40, 0xF0, 0x6F, 0x3D, 0x88, 0x6C, 0xF8, 0xAF, 0x0F,
    0xA2, 0x3E, 0xFE, 0xE7, 0x04, 0x51, 0x3F, 0xC1, 0x52, 0x02, 0xFF, 0xF7, 0x43, 0xA4, 0xFC, 0x41,
    0xD4, 0x83, 0xFF, 0xBC, 0x20, 0xEA, 0xDB, 0x7F, 0x76, 0x10, 0xF5, 0x1B, 0xAA, 0xE2, 0x3E, 0x88,
    0x93, 0xF0, 0xBF, 0x1F, 0x44, 0x2D, 0x80, 0x29, 0xE4, 0x87, 0x18, 0x05, 0x56, 0xFF, 0xF5, 0x3F,
    0x17, 0x90, 0x04, 0x00, 0xFE, 0xFC, 0x2E, 0x76, 0x78, 0x9C, 0x15, 0x8C, 0xBD, 0x0D, 0x82, 0x60,
    0x00, 0x05, 0xCF, 0x48, 0x4C, 0x94, 0x60, 0xE1, 0x04, 0x6E, 0x00, 0x85, 0xBD, 0x6C, 0xA0, 0x1B,
    0x30, 0x82, 0x6E, 0xA0, 0x9B, 0xB8, 0x01, 0xB2, 0x01, 0x74, 0x96, 0xC6, 0xCE, 0x8E, 0xC4, 0x38,
    0x00, 0x85, 0x7F, 0x85, 0x7A, 0x7E, 0x36, 0xEF, 0x15, 0xF7, 0xEE, 0xC1, 0xC1, 0xB2, 0x0F, 0x27,
    0x75, 0x03, 0xEF, 0x50, 0x46, 0x99, 0xED, 0xE4, 0x69, 0xBC, 0x74, 0x41, 0x63, 0x92, 0x3B, 0xA7,
    0x32, 0xE6, 0x53, 0x73, 0x33, 0xE2, 0x62, 0xEB, 0x0A, 0xA6, 0x5F, 0x1D, 0xC0, 0x35, 0xEC, 0xF7,
    0x64, 0x1E, 0x67, 0x2F, 0x87, 0x95, 0x63, 0xB6, 0xA6, 0x9D, 0x23, 0x72, 0x8B, 0xCE, 0x84, 0xB5,
    0x45, 0xE3, 0xAE, 0x77, 0x37, 0xCD, 0xFF, 0xCF, 0x01, 0x3C, 0x42, 0xD6, 0x41, 0x3F, 0x5B, 0x46,
    0xFC, 0x00, 0x24, 0x8F, 0x46, 0x37, 0x78, 0x9C, 0x25, 0xCC, 0xCD, 0x0D, 0x01, 0x51, 0x00, 0x45,
    0xE1, 0x23, 0x84, 0x44, 0x26, 0x26, 0xEC, 0x45, 0x09, 0x53, 0xC2, 0x58, 0x5B, 0x29, 0x45, 0x03,
    0x9A, 0x98, 0x0A, 0x74, 0x60, 0x3A, 0x78, 0x76, 0xB3, 0x43, 0x34, 0x40, 0x07, 0xC6, 0x0A, 0xF1,
    0x73, 0xBC, 0x17, 0x77, 0xF3, 0x6D, 0x4E, 0x2E, 0x34, 0xAE, 0x81, 0x93, 0x3A, 0x85, 0x4F, 0xE4,
    0xCC, 0xCA, 0x30, 0x79, 0xD9, 0xDF, 0x39, 0xE3, 0x66, 0xD6, 0x9A, 0x51, 0x9B, 0x27, 0x36, 0x16,
    0xAD, 0x39, 0x47, 0xCB, 0xDA, 0x30, 0x7E, 0x5A, 0xCE, 0x4D, 0x2B, 0x78, 0xE8, 0x36, 0xD6, 0xCB,
    0x77, 0xA8, 0x1C, 0xC5, 0x3B, 0x2E, 0x0E, 0x13, 0x77, 0x7B, 0x2C, 0x3A, 0x95, 0x07, 0xF8, 0x87,
    0x89, 0x6B, 0x17, 0x9A, 0xEF, 0x7E, 0x00, 0x3F, 0x2E, 0x13, 0x42, 0x80, 0x78, 0x9C, 0x3B, 0xB4,
    0x9F, 0xF1, 0xCF, 0x7F, 0x0E, 0x20, 0xBA, 0xBC, 0x9F, 0x91, 0x01, 0x15, 0x1C, 0x42, 0x92, 0x02,
    0x00, 0x22, 0xCB, 0x0E, 0x37, 0x78, 0x9C, 0x53, 0xF8, 0x23, 0xBD, 0xE0, 0xFF, 0x7C, 0x20, 0x52,
    0xF8, 0x23, 0xCD, 0x80, 0x01, 0x12, 0xFE, 0xEB, 0x4F, 0xF8, 0xCF, 0x7B, 0xE0, 0x3F, 0xC7, 0x87,
    0xFF, 0xCC, 0x9F, 0xDF, 0x33, 0x7C, 0x5B, 0xCF, 0x00, 0x00, 0x8B, 0x2D, 0x11, 0x55, 0x78, 0x9C,
    0x63, 0x60, 0x60, 0x60, 0x10, 0xA8, 0x00, 0x12, 0x06, 0xBF, 0xFA, 0x19, 0x18, 0x02, 0xFE, 0xFC,
    0xAF, 0x67, 0x28, 0xFC, 0xF7, 0xBF, 0x8F, 0x69, 0xD2, 0xFF, 0xFF, 0xD1, 0x0C, 0x0C, 0x7F, 0xDF,
    0x6B, 0x30, 0x80, 0x48, 0x4D, 0x20, 0x09, 0x14, 0xC9, 0x01, 0x52, 0x40, 0xD9, 0xF9, 0xCC, 0x60,
    0x95, 0xFD, 0x30, 0x5D, 0x20, 0x13, 0x00, 0xBB, 0x4B, 0x1A, 0x45, 0x78, 0x9C, 0xFB, 0xF8, 0x1F,
    0x04, 0x78, 0x3E, 0x42, 0x28, 0x06, 0x6C, 0xE0, 0x23, 0x8A, 0x12, 0x00, 0x5F, 0xEB, 0x17, 0xE1,
    0x78, 0x9C, 0xCB, 0x62, 0x00, 0x81, 0xBF, 0x7D, 0x8C, 0x40, 0xF2, 0xCF, 0xFF, 0xF5, 0xCC, 0x0C,
    0x0C, 0x0E, 0xBF, 0xFE, 0x9F, 0x67, 0x65, 0x60, 0x10, 0xB8, 0xFE, 0xFF, 0xBD, 0x38, 0x50, 0x70,
    0xC9, 0xFF, 0x7E, 0x28, 0x29, 0xF0, 0x02, 0x28, 0x12, 0xF0, 0x1B, 0x24, 0x0B, 0x51, 0x09, 0xD1,
    0x95, 0x0D, 0x36, 0x01, 0x00, 0xB6, 0x9A, 0x19, 0xC0, 0x78, 0x9C, 0x33, 0xB8, 0xF9, 0x7F, 0x2D,
    0x33, 0xC3, 0xE7, 0xFF, 0xFF, 0xFF, 0xC7, 0x33, 0x7C, 0x01, 0x92, 0xFF, 0x19, 0xBF, 0x58, 0x19,
    0xFC, 0xFB, 0xCF, 0x1A, 0xCC, 0xC0, 0xF0, 0xFD, 0x3F, 0x3B, 0x03, 0x03, 0xC3, 0x8F, 0xFF, 0xAC,
    0x0C, 0x0C, 0x02, 0xFF, 0xFE, 0x33, 0x32, 0x30, 0x1C, 0xFC, 0x5F, 0x0F, 0x64, 0xFE, 0xFD, 0xCF,
    0xC1, 0xC0, 0x30, 0x01, 0xC4, 0x64, 0x78, 0xF0, 0x9F, 0x13, 0x48, 0x7E, 0xF8, 0xCF, 0x04, 0x66,
    0x33, 0x33, 0xC0, 0x40, 0xC1, 0x3B, 0x36, 0x20, 0xF9, 0xE9, 0xBF, 0x3E, 0x9C, 0x2C, 0x78, 0x07,
    0x34, 0x0B, 0x00, 0x5C, 0x0C, 0x28, 0xD8, 0x78, 0x9C, 0x2D, 0x8E, 0xBF, 0x0E, 0xC1, 0x70, 0x14,
    0x85, 0x4F, 0x49, 0x84, 0x06, 0x69, 0x3C, 0x00, 0x5D, 0x6C, 0xE2, 0xDF, 0x03, 0x30, 0xDB, 0xBA,
    0x1A, 0x68, 0xDF, 0xA4, 0x12, 0x0F, 0x50, 0x4F, 0xC0, 0x0B, 0x48, 0x30, 0x98, 0x3B, 0x88, 0xD8,
    0xD8, 0x0D, 0xD4, 0x2E, 0x69, 0x22, 0xFD, 0x49, 0x95, 0xF6, 0xF8, 0x55, 0x7C, 0xCB, 0xF9, 0x4E,
    0x72, 0xEF, 0xCD, 0x05, 0x60, 0x9C, 0x93, 0xCB, 0x10, 0x29, 0x56, 0x42, 0xC9, 0x38, 0xD5, 0x88,
    0x03, 0xA5, 0x13, 0x32, 0x0F, 0xAC, 0xD9, 0x90, 0x5D, 0xFB, 0xD8, 0x40, 0x78, 0xFA, 0x8D, 0xDD,
    0x98, 0xD1, 0x59, 0xC5, 0xFE, 0xBA, 0x5D, 0x1A, 0x54, 0x67, 0xCC, 0x4D, 0xE4, 0x96, 0x8B, 0xA4,
    0xEC, 0x11, 0xC1, 0xB5, 0xF2, 0x59, 0x20, 0x6A, 0x3D, 0x5C, 0xBC, 0xFB, 0x10, 0x0E, 0x5E, 0xFD,
    0xC0, 0x01, 0x4B, 0x08, 0x6C, 0xA9, 0xC2, 0xD6, 0xA9, 0x42, 0x98, 0x88, 0x6A, 0x81, 0xD3, 0x66,
    0x01, 0xA1, 0x89, 0xB8, 0xFC, 0x58, 0x69, 0x2C, 0x22, 0x36, 0x75, 0xE6, 0x3D, 0x5F, 0xE6, 0x84,
    0x8B, 0x8D, 0xAF, 0xC8, 0xBB, 0x82, 0x7C, 0x92, 0x3D, 0x68, 0x6C, 0x1A, 0xF1, 0xC8, 0x88, 0xE7,
    0x0A, 0x20, 0xFC, 0x2C, 0xFE, 0x58, 0x74, 0xEB, 0xE8, 0x1E, 0x32, 0xA9, 0xEF, 0xD2, 0xCF, 0xF9,
    0x53, 0x4C, 0xEF, 0x3C, 0x0E, 0x64, 0x7E, 0x01, 0x73, 0xAD, 0x63, 0xC2, 0x78, 0x9C, 0x1D, 0x8E,
    0xD1, 0x11, 0xC1, 0x60, 0x10, 0x84, 0x97, 0x07, 0x62, 0x84, 0xD1, 0x01, 0x1D, 0x28, 0x21, 0x3A,
    0x91, 0x0E, 0x94, 0x10, 0x1D, 0xA4, 0x05, 0x25, 0x18, 0x0D, 0x28, 0x81, 0x0E, 0xD2, 0x82, 0x4C,
    0x26, 0x04, 0xFF, 0xF8, 0xDC, 0xDD, 0xCE, 0xDC, 0xED, 0x77, 0x73, 0x0F, 0xBB, 0x92, 0x3E, 0xEC,
    0x15, 0x82, 0x6B, 0x78, 0x09, 0x04, 0x9C, 0x49, 0x4C, 0x1C, 0x5A, 0x9E, 0xCC, 0x1D, 0x5E, 0x5C,
    0x58, 0x3B, 0xA4, 0xA6, 0xE4, 0x60, 0xBE, 0xA1, 0x5E, 0x71, 0x33, 0x38, 0x52, 0x28, 0x31, 0x92,
    0xEE, 0x2C, 0x35, 0x30, 0x95, 0x3A, 0x66, 0x36, 0xB9, 0xF4, 0xC6, 0xB5, 0x95, 0x7E, 0x01, 0x95,
    0x76, 0xE1, 0x34, 0x3A, 0xD9, 0xE1, 0xB9, 0xE3, 0x87, 0xBF, 0xAD, 0x49, 0xD6, 0xB3, 0x30, 0xB0,
    0xFD, 0x25, 0x8B, 0xE0, 0xE2, 0x0F, 0xAD, 0x73, 0x4A, 0xC0, 0x78, 0x9C, 0xFB, 0xFF, 0xFF, 0xFF,
    0xFF, 0x1E, 0x26, 0x86, 0xFF, 0x20, 0x10, 0x0F, 0xA1, 0xFE, 0x33, 0xFE, 0xFF, 0xCF, 0x50, 0xF8,
    0xFF, 0x3F, 0x1B, 0x90, 0x62, 0xF8, 0x03, 0xA1, 0xFE, 0xFE, 0x67, 0x02, 0x52, 0x13, 0xFF, 0xD7,
    0x83, 0x95, 0xDC, 0x67, 0x05, 0x53, 0xE7, 0xD9, 0x21, 0x1A, 0xEE, 0x83, 0x34, 0x38, 0xFC, 0xFD,
    0xCF, 0x05, 0x52, 0xF9, 0xF9, 0x3F, 0x3F, 0x88, 0xFA, 0xF0, 0x5F, 0x1F, 0x44, 0x7D, 0x01, 0xF3,
    0x1C, 0xFE, 0xFD, 0xE7, 0x81, 0x18, 0xCD, 0x02, 0x26, 0xF3, 0xC1, 0xFA, 0xE6, 0x32, 0x31, 0x00,
    0x00, 0x33, 0x10, 0x54, 0x91, 0x78, 0x9C, 0x63, 0x60, 0x60, 0x58, 0xFA, 0xF7, 0xFD, 0x5A, 0x16,
    0x06, 0x86, 0xCB, 0xFF, 0x81, 0x80, 0x83, 0x21, 0xE0, 0x3F, 0x84, 0xFE, 0xF2, 0xFF, 0xBE, 0xA8,
    0xC0, 0x64, 0x76, 0x86, 0xBF, 0xFF, 0xB9, 0x19, 0x80, 0x20, 0xE1, 0xFF, 0x7B, 0x46, 0x10, 0xBD,
    0xE1, 0x7F, 0x3D, 0x88, 0x62, 0x78, 0xF0, 0xDF, 0x1E, 0x4C, 0x7F, 0xF8, 0x2F, 0x0F, 0xA6, 0x3F,
    0x42, 0xE9, 0x0F, 0xFF, 0xF5, 0xA1, 0xF2, 0xF9, 0x60, 0x7A, 0xC1, 0xFF, 0xFB, 0x60, 0xDA, 0xE0,
    0xFF, 0x7F, 0x4E, 0x30, 0xE3, 0xF7, 0xFF, 0xF3, 0x22, 0x0A, 0x53, 0xD8, 0x19, 0x2E, 0x42, 0xED,
    0x61, 0xF8, 0x05, 0xA5, 0x0D, 0x4E, 0xFC, 0x7B, 0xDF, 0xC3, 0x04, 0x00, 0x01, 0x34, 0x38, 0xBB,
    0x78, 0x9C, 0x2D, 0xCD, 0xC1, 0x0D, 0x40, 0x40, 0x14, 0x84, 0xE1, 0x17, 0xB2, 0x2E, 0x12, 0x1D,
    0x88, 0x12, 0x6C, 0x09, 0x3A, 0x51, 0x82, 0x12, 0x34, 0x20, 0x51, 0x81, 0x50, 0x82, 0x12, 0x74,
    0xA0, 0x94, 0xE5, 0x22, 0xEB, 0xF4, 0xDB, 0x7D, 0x6B, 0x2E, 0x5F, 0xE6, 0x32, 0x03, 0xB8, 0xC5,
    0x88, 0x10, 0xE3, 0x4C, 0x92, 0x31, 0x28, 0xD6, 0x43, 0x1E, 0x14, 0x0B, 0x65, 0x54, 0x1E, 0x1A,
    0xF5, 0xA2, 0x57, 0x77, 0x46, 0x75, 0x63, 0xFE, 0x4D, 0xFD, 0x60, 0x50, 0x6F, 0x5A, 0xD5, 0x53,
    0x45, 0x3B, 0x28, 0xE2, 0xEE, 0xCB, 0xF9, 0xFF, 0xD4, 0xC9, 0x55, 0xFF, 0xDD, 0x94, 0x89, 0x7C,
    0x77, 0xCF, 0x54, 0xD5, 0x78, 0x9C, 0xFB, 0xFF, 0x1F, 0x08, 0x18, 0xFF, 0xA3, 0x90, 0x0C, 0x40,
    0x80, 0x8D, 0xFC, 0xFF, 0x7F, 0x3D, 0x1A, 0x89, 0x4B, 0x25, 0x4C, 0xFD, 0x7F, 0x0E, 0x64, 0x12,
    0x00, 0x7F, 0xBB, 0x3D, 0xED, 0x78, 0x9C, 0xFB, 0xFF, 0x1F, 0x08, 0x98, 0xFE, 0xA3, 0x90, 0x0C,
    0x40, 0x80, 0x9B, 0xFC, 0xFF, 0x7F, 0x3D, 0x1A, 0x89, 0x5F, 0x3D, 0x82, 0x04, 0x00, 0xFF, 0x4E,
    0x34, 0xE1, 0x78, 0x9C, 0x63, 0x60, 0x60, 0x98, 0xF2, 0xE6, 0xFF, 0x39, 0x0B, 0x06, 0x06, 0x86,
    0x43, 0xFF, 0x81, 0xA0, 0x9F, 0x81, 0x21, 0xE0, 0x3F, 0x94, 0xF1, 0xF9, 0xFF, 0x7D, 0x31, 0x81,
    0xA0, 0x2A, 0x06, 0x86, 0xBF, 0xFF, 0x79, 0x18, 0x40, 0x20, 0xE1, 0xFF, 0x7B, 0x46, 0x30, 0x63,
    0x03, 0x48, 0x1A, 0x04, 0x1E, 0xFC, 0xB7, 0x87, 0x30, 0x3E, 0xFC, 0x97, 0x67, 0xF8, 0x08, 0xD4,
    0xC6, 0xF6, 0x11, 0xC6, 0xF8, 0xF0, 0x5F, 0x1F, 0xC2, 0xB8, 0xF0, 0x3F, 0x1F, 0xA8, 0xE0, 0xE7,
    0x7F, 0xB6, 0x09, 0xFF, 0xCF, 0x43, 0x18, 0x0A, 0xFF, 0xFF, 0x73, 0x80, 0x19, 0x40, 0xBC, 0x9F,
    0x45, 0xE1, 0x37, 0x90, 0xB1, 0x01, 0x6C, 0x29, 0x90, 0xC1, 0xF0, 0x03, 0x44, 0xBF, 0x67, 0x66,
    0x60, 0x10, 0xD8, 0xFE, 0xEF, 0xFD, 0x1A, 0x56, 0x06, 0x00, 0xB3, 0x15, 0x4E, 0xCC, 0x78, 0x9C,
    0xFB, 0xFF, 0x9F, 0x81, 0x81, 0xE1, 0xC0, 0x7F, 0xFD, 0xFF, 0x24, 0xD3, 0x60, 0x80, 0x85, 0x26,
    0xD7, 0x3C, 0x08, 0x0D, 0x00, 0x08, 0x8F, 0x50, 0x4D, 0x78, 0x9C, 0xFB, 0xFF, 0x9F, 0x30, 0x00,
    0x00, 0x97, 0xA8, 0x23, 0xDD, 0x78, 0x9C, 0x63, 0x60, 0x58, 0xF0, 0xDF, 0x9F, 0x81, 0x2C, 0xC2,
    0x9E, 0x81, 0xE1, 0xC0, 0x7F, 0x7D, 0x06, 0x86, 0x8F, 0xFF, 0xF9, 0xDD, 0x15, 0xFE, 0xFC, 0xE7,
    0xFC, 0xF9, 0xFF, 0xFF, 0x7F, 0x26, 0x20, 0xE1, 0xCF, 0x70, 0xF5, 0xFF, 0x5C, 0x46, 0x06, 0x00,
    0x4D, 0x4C, 0x27, 0x21, 0x78, 0x9C, 0x1D, 0xCD, 0x39, 0x11, 0x84, 0x50, 0x14, 0x44, 0xD1, 0xC7,
    0x92, 0xB0, 0x04, 0x28, 0x40, 0xC3, 0x48, 0xC0, 0x01, 0x52, 0x90, 0x80, 0x04, 0x2C, 0xE0, 0x00,
    0x24, 0x20, 0x01, 0x09, 0xA0, 0x80, 0x88, 0xA1, 0x86, 0x2A, 0xB8, 0xF3, 0xFB, 0x45, 0x27, 0xEA,
    0xDB, 0x60, 0xB6, 0x33, 0x19, 0xC1, 0x9B, 0x5A, 0x36, 0x90, 0xCA, 0x8D, 0xC1, 0xE4, 0x8F, 0x52,
    0x7E, 0x20, 0x96, 0x2B, 0x9D, 0xC9, 0x8B, 0xC2, 0x85, 0xC8, 0x7D, 0xC8, 0xDC, 0x93, 0xD6, 0x1D,
    0x39, 0x22, 0x59, 0xBD, 0xE4, 0xDE, 0x39, 0x35, 0x0C, 0xCE, 0x0A, 0x05, 0x2B, 0x42, 0x58, 0xBF,
    0x5F, 0x7A, 0x77, 0x81, 0xE4, 0x0F, 0xF3, 0x9F, 0x4C, 0xF5, 0x78, 0x9C, 0xFB, 0xFF, 0x9F, 0x01,
    0x08, 0xFE, 0xD3, 0x84, 0x04, 0x02, 0x36, 0x64, 0x12, 0x00, 0x3C, 0x1F, 0x2C, 0xE6, 0x78, 0x9C,
    0x25, 0xCE, 0xC1, 0x0D, 0xC2, 0x30, 0x10, 0x44, 0xD1, 0x39, 0xF8, 0x82, 0x0F, 0xB8, 0x05, 0x4A,
    0xA0, 0x04, 0x3A, 0x30, 0x1D, 0xD0, 0x4A, 0x3A, 0x70, 0x09, 0x49, 0x07, 0xA1, 0x03, 0x4A, 0x20,
    0x9D, 0x18, 0x14, 0x81, 0x22, 0x20, 0xF9, 0x78, 0xED, 0xBD, 0xEC, 0xD3, 0x6A, 0x56, 0x1A, 0xC8,
    0x2A, 0xB3, 0x62, 0xE3, 0xA4, 0x43, 0x05, 0x3B, 0xA9, 0xB3, 0x9D, 0xD9, 0x4B, 0x13, 0x1B, 0xDC,
    0x88, 0xD2, 0x9C, 0x4B, 0x30, 0xD1, 0x4B, 0xCB, 0x58, 0x6E, 0xE9, 0x5B, 0x9E, 0xD7, 0x4B, 0xC9,
    0xA5, 0x37, 0xEE, 0x48, 0x30, 0x3D, 0xF1, 0x1D, 0xDE, 0x74, 0x25, 0x4C, 0x38, 0xD3, 0x99, 0x38,
    0x23, 0x93, 0x48, 0xCB, 0xD8, 0xF4, 0xB9, 0xFF, 0x62, 0xD3, 0x0B, 0x42, 0xD3, 0x03, 0x7C, 0xD3,
    0x60, 0x75, 0xAA, 0x4E, 0x56, 0xB1, 0x4A, 0x5B, 0x6F, 0xFA, 0x03, 0x0E, 0x3E, 0x75, 0x6C, 0x78,
    0x9C, 0x2D, 0xC5, 0x41, 0x11, 0x40, 0x60, 0x14, 0x85, 0xD1, 0xB7, 0x30, 0x8C, 0x85, 0x0A, 0x2A,
    0x88, 0x40, 0x14, 0x11, 0x44, 0xD0, 0x40, 0x14, 0x11, 0xFE, 0x08, 0x22, 0xA0, 0x02, 0x2B, 0x8C,
    0xF9, 0xCC, 0x5C, 0xF7, 0x6C, 0x0E, 0x94, 0x11, 0xC1, 0x02, 0xAD, 0x5F, 0x3D, 0x85, 0x6F, 0xF4,
    0x4A, 0xD2, 0xE9, 0x22, 0xD7, 0x1B, 0xB5, 0xEE, 0x98, 0x75, 0xDC, 0x64, 0x7A, 0xA7, 0xD2, 0x3D,
    0x93, 0x8E, 0x87, 0xFF, 0xC3, 0x0F, 0x3E, 0x5E, 0x7F, 0xFA, 0x91, 0xE5, 0x03, 0x3B, 0x75, 0x59,
    0xDD, 0x78, 0x9C, 0x63, 0x60, 0x10, 0x38, 0xFE, 0xEF, 0x9E, 0x06, 0x03, 0x08, 0x7C, 0xFF, 0x0F,
    0x04, 0x9C, 0x40, 0xC6, 0x04, 0x10, 0xE3, 0xFF, 0x7E, 0x20, 0xEB, 0xDB, 0xFF, 0xF9, 0x4C, 0x4D,
    0xFF, 0xFF, 0x73, 0x30, 0x08, 0xFC, 0xFF, 0xCF, 0x06, 0xE2, 0xCA, 0x33, 0x14, 0xFC, 0x3F, 0x0F,
    0x94, 0x38, 0xF0, 0xBF, 0x1F, 0x88, 0xF3, 0x81, 0xAC, 0x04, 0x20, 0xFF, 0xC3, 0x7F, 0x7D, 0x20,
    0xCB, 0xE0, 0xFF, 0x7F, 0x20, 0x4B, 0x1E, 0xC8, 0x52, 0x00, 0xB2, 0x3E, 0x82, 0x59, 0x02, 0x60,
    0x31, 0x88, 0xEC, 0x7B, 0x86, 0x0B, 0xFF, 0xE3, 0xC1, 0x3A, 0xF6, 0x03, 0xAD, 0x80, 0x98, 0x52,
    0x0F, 0x52, 0x0B, 0x36, 0x99, 0x9F, 0x81, 0xE1, 0xE7, 0xFF, 0x7E, 0x90, 0x6D, 0x40, 0xEE, 0x06,
    0xB0, 0x0B, 0xE6, 0x83, 0x5C, 0xF5, 0x13, 0xC4, 0x62, 0x07, 0xB1, 0x14, 0x4E, 0xFC, 0x3B, 0x27,
    0x0E, 0xA4, 0x01, 0xF1, 0x9C, 0x51, 0x51, 0x78, 0x9C, 0xFB, 0xFF, 0xFF, 0xFF, 0xFB, 0x6A, 0x46,
    0x86, 0xFF, 0x20, 0x60, 0x07, 0xA1, 0xDE, 0x03, 0x29, 0x86, 0xA6, 0xFF, 0xFF, 0xD9, 0x80, 0x14,
    0xC3, 0xEF, 0xFF, 0x5C, 0x20, 0xEA, 0xDB, 0x7F, 0x1E, 0x10, 0xF5, 0xFD, 0x3F, 0x37, 0x44, 0x90,
    0x13, 0x48, 0x4D, 0xFA, 0xFF, 0x9F, 0x19, 0xAC, 0x61, 0x3E, 0x44, 0x1F, 0x27, 0x88, 0xBA, 0x6F,
    0xC9, 0x00, 0xD2, 0x0E, 0x02, 0x44, 0x50, 0x00, 0xA4, 0x79, 0x43, 0x49, 0x78, 0x9C, 0x63, 0x60,
    0x10, 0x38, 0xFE, 0xEF, 0x9E, 0x06, 0x03, 0x08, 0x7C, 0xFF, 0x0F, 0x04, 0x9C, 0x40, 0xC6, 0x04,
    0x10, 0xE3, 0xFF, 0x7E, 0x20, 0xEB, 0xDB, 0xFF, 0xF9, 0x4C, 0x4D, 0xFF, 0xFF, 0x73, 0x30, 0x08,
    0xFC, 0xFF, 0xCF, 0x06, 0xE2, 0xCA, 0x33, 0x14, 0xFC, 0x3F, 0x0F, 0x94, 0x38, 0xF0, 0xBF, 0x1F,
    0x88, 0xF3, 0x81, 0xAC, 0x04, 0x20, 0xFF, 0xC3, 0x7F, 0x7D, 0x20, 0xCB, 0xE0, 0xFF, 0x7F, 0x20,
    0x4B, 0x1E, 0xC8, 0x52, 0x00, 0xB2, 0x3E, 0x82, 0x59, 0x02, 0x60, 0x31, 0x88, 0xEC, 0x7B, 0x86,
    0x0B, 0xFF, 0xE3, 0xC1, 0x3A, 0xF6, 0x03, 0xAD, 0x80, 0x98, 0x52, 0x0F, 0x52, 0x0B, 0x36, 0x99,
    0x8F, 0x81, 0xE1, 0xE7, 0xFF, 0x7E, 0x90, 0x6D, 0x40, 0xEE, 0x06, 0xB0, 0x0B, 0xD6, 0x83, 0x5C,
    0xF5, 0x13, 0xC4, 0x7A, 0xCF, 0x04, 0x32, 0xF5, 0xC4, 0xBF, 0x73, 0xFF, 0xFF, 0xDB, 0x31, 0x40,
    0xC0, 0x97, 0xFF, 0xFF, 0x99, 0x21, 0x2C, 0x87, 0xFF, 0xFF, 0xFD, 0x01, 0xCB, 0x9A, 0x59, 0xF1,
    0x78, 0x9C, 0xFB, 0xFF, 0xFF, 0xFF, 0xFB, 0x1E, 0x26, 0x06, 0x86, 0xFF, 0x20, 0x10, 0x0F, 0xA5,
    0xFF, 0x33, 0x02, 0x69, 0x86, 0xC2, 0xFF, 0xFF, 0xD9, 0x41, 0x34, 0xC3, 0xEF, 0xFF, 0x9C, 0x60,
    0xFA, 0x27, 0x94, 0xFE, 0xFB, 0x9F, 0x15, 0x44, 0x2F, 0xFA, 0x7F, 0x1F, 0xAA, 0x5E, 0x17, 0x42,
    0xD7, 0x31, 0x40, 0xE8, 0xF9, 0x60, 0x5A, 0xE1, 0x2F, 0x50, 0x39, 0x48, 0xDD, 0xC7, 0xFF, 0xFE,
    0x60, 0xBA, 0x00, 0xA2, 0x1E, 0xA4, 0x9F, 0x03, 0x4C, 0x7F, 0xF9, 0xAF, 0x0F, 0xA6, 0x37, 0xFC,
    0x3F, 0x0F, 0xA6, 0x15, 0xFE, 0xFF, 0x67, 0x03, 0x00, 0xCF, 0x41, 0x50, 0x6A, 0x78, 0x9C, 0x63,
    0x48, 0x78, 0xFD, 0xFF, 0x9C, 0x26, 0x83, 0xC1, 0xBF, 0xFF, 0xFF, 0xFF, 0xC7, 0x33, 0x7C, 0xFA,
    0x0F, 0xA6, 0x7E, 0xFE, 0x8F, 0x63, 0x74, 0x8C, 0x64, 0xF8, 0xF3, 0x9F, 0x8D, 0x01, 0x08, 0xFE,
    0xFE, 0xE7, 0x00, 0x51, 0xBF, 0xFE, 0xF7, 0x83, 0xA8, 0xCF, 0xFF, 0xFF, 0xF7, 0x31, 0x32, 0x30,
    0x34, 0x00, 0x15, 0x82, 0xF8, 0x57, 0x81, 0x34, 0x37, 0x90, 0x3E, 0xFA, 0xFF, 0xFF, 0x7C, 0x90,
    0xF4, 0x93, 0xFF, 0xFF, 0x41, 0x94, 0xC1, 0xFF, 0xFF, 0x8C, 0x12, 0x0C, 0x0C, 0x02, 0x40, 0xEA,
    0x8F, 0x05, 0xC3, 0xE1, 0xFF, 0xF7, 0x81, 0x86, 0x01, 0x41, 0x3E, 0x84, 0xE2, 0x60, 0x68, 0xBA,
    0xFD, 0xFF, 0x9C, 0x06, 0x03, 0x03, 0x00, 0x44, 0xF7, 0x3E, 0x28, 0x78, 0x9C, 0xFB, 0xF5, 0x1F,
    0x0C, 0x58, 0x7E, 0xA1, 0xD1, 0x0C, 0x0C, 0x0B, 0xFE, 0xFB, 0x33, 0x80, 0x00, 0x7D, 0x69, 0x00,
    0xC8, 0x23, 0x31, 0xDB, 0x78, 0x9C, 0xFB, 0xFC, 0x9F, 0x87, 0x81, 0x61, 0xC1, 0x7F, 0xFF, 0xCF,
    0x54, 0xA2, 0x3F, 0x41, 0x68, 0x7B, 0x30, 0xBD, 0xE1, 0xBF, 0xFE, 0x87, 0xFF, 0xFC, 0x0C, 0x0C,
    0x17, 0xFE, 0xF3, 0x1F, 0xF8, 0x1F, 0xCF, 0xC0, 0x00, 0x54, 0x94, 0xF0, 0xFF, 0x3F, 0xAB, 0xC3,
    0xBF, 0xFF, 0x6C, 0x0C, 0x7F, 0xFE, 0x03, 0xC1, 0x79, 0x06, 0x86, 0x83, 0x20, 0x5A, 0x86, 0x81,
    0x81, 0x61, 0xEB, 0xBF, 0xF7, 0x51, 0x0C, 0x0C, 0x00, 0x56, 0xBF, 0x49, 0x29, 0x78, 0x9C, 0x1D,
    0xCC, 0xD1, 0x09, 0x83, 0x60, 0x14, 0x83, 0xD1, 0x4F, 0x28, 0x22, 0xB4, 0x05, 0x37, 0x70, 0x84,
    0xAE, 0xE0, 0x28, 0xDD, 0xC0, 0x55, 0xDC, 0xC4, 0x6E, 0xA0, 0x23, 0x38, 0x82, 0x2B, 0x68, 0x41,
    0x28, 0x3E, 0xA4, 0xC9, 0xFF, 0x12, 0x6E, 0x2E, 0x9C, 0x5C, 0x6A, 0x80, 0x4B, 0xF5, 0xA9, 0x87,
    0x0F, 0xA9, 0xDA, 0xD5, 0x41, 0xAF, 0x99, 0x8F, 0x06, 0x18, 0x1D, 0x6F, 0x4D, 0xB0, 0xFA, 0xDD,
    0x4A, 0x70, 0xE8, 0x1E, 0x70, 0xE3, 0x54, 0x8D, 0xA3, 0x71, 0xA9, 0x60, 0xD7, 0x13, 0x23, 0xCC,
    0x5E, 0x7D, 0xA4, 0xD9, 0x30, 0x66, 0xCB, 0x6C, 0xDE, 0x82, 0xC2, 0xBE, 0x41, 0x61, 0xBF, 0xA0,
    0xB0, 0x82, 0x60, 0x51, 0x41, 0x61, 0x05, 0x85, 0x15, 0xF4, 0x07, 0x77, 0x86, 0x41, 0xEF, 0x78,
    0x9C, 0x15, 0x8F, 0x6D, 0x59, 0x02, 0x61, 0x14, 0x44, 0x0F, 0x8F, 0x28, 0x28, 0xA0, 0x34, 0xC0,
    0x06, 0x92, 0x40, 0x22, 0x40, 0x03, 0x69, 0x00, 0x0D, 0x88, 0xB0, 0x34, 0x80, 0x06, 0x60, 0x02,
    0x6C, 0x80, 0x0D, 0x96, 0x06, 0xE2, 0x22, 0x2B, 0x1F, 0xC2, 0xF1, 0xBD, 0x3F, 0x67, 0x9E, 0xB9,
    0x73, 0xCF, 0x9C, 0x7C, 0x80, 0x1F, 0x5F, 0xA0, 0xB0, 0x59, 0xDA, 0x82, 0xA3, 0x23, 0x28, 0xAD,
    0x17, 0x3E, 0xC1, 0xC5, 0x45, 0x38, 0xD5, 0x8D, 0x7D, 0xDA, 0xFA, 0x05, 0x7F, 0x32, 0x77, 0xC2,
    0xC0, 0xAB, 0x15, 0x5C, 0x31, 0x4C, 0x89, 0xB9, 0x27, 0x6F, 0x9F, 0x93, 0xDB, 0x36, 0x67, 0xE3,
    0xDE, 0xFB, 0xA1, 0xBD, 0x38, 0xAE, 0x14, 0xBE, 0xDB, 0x9A, 0x46, 0x53, 0x2A, 0x29, 0xF3, 0xB1,
    0x9D, 0x0F, 0x1B, 0xB0, 0xB7, 0x76, 0x9E, 0x75, 0xED, 0x6F, 0xAD, 0xC1, 0xB7, 0x0D, 0xDF, 0x30,
    0x2B, 0xBC, 0x81, 0x4F, 0x5F, 0xED, 0x70, 0x5E, 0x97, 0x02, 0x53, 0x33, 0x9B, 0xFC, 0x7A, 0x5C,
    0x25, 0x31, 0x30, 0xB7, 0xCE, 0xCE, 0x4B, 0xC2, 0x0B, 0x16, 0xAB, 0x6C, 0x0D, 0xF0, 0x78, 0x94,
    0xD2, 0x4B, 0x7D, 0x0C, 0x71, 0x70, 0x0D, 0x63, 0x63, 0x57, 0x2C, 0xCB, 0xA0, 0xAB, 0x77, 0xF0,
    0x0F, 0xA5, 0xF5, 0x76, 0xB3, 0x78, 0x9C, 0x35, 0x8D, 0xE1, 0x09, 0x82, 0x60, 0x14, 0x45, 0xAF,
    0x45, 0xA1, 0x11, 0xD2, 0x06, 0xB5, 0x81, 0x23, 0x34, 0x82, 0x8D, 0xD0, 0x06, 0xAE, 0xD0, 0x06,
    0xB9, 0x41, 0x6E, 0x50, 0x1B, 0xB4, 0x42, 0x1B, 0x48, 0x13, 0x84, 0x9F, 0x82, 0x65, 0xC5, 0xE9,
    0x3D, 0xA1, 0xFB, 0xE7, 0x9D, 0x07, 0x97, 0x7B, 0x02, 0x27, 0xE9, 0x40, 0xAD, 0x12, 0x22, 0x35,
    0xE4, 0x5A, 0x41, 0xAC, 0x27, 0x0B, 0xA9, 0x27, 0xB5, 0x67, 0x22, 0xDD, 0x28, 0x4A, 0x8E, 0x92,
    0x76, 0xD4, 0x0D, 0xA9, 0x81, 0x3E, 0x0C, 0xCC, 0x1C, 0x5A, 0xB8, 0xFA, 0x55, 0x05, 0xD9, 0x1F,
    0xB6, 0x23, 0x74, 0xD8, 0xAE, 0xE7, 0x6B, 0xE5, 0xB9, 0xDC, 0x73, 0x6E, 0x59, 0x1B, 0x04, 0xB2,
    0x8B, 0x8B, 0xF5, 0x26, 0xD9, 0xC0, 0x54, 0x7B, 0xB7, 0x0F, 0x2C, 0x75, 0x77, 0x4F, 0xA0, 0xD0,
    0xCB, 0x8B, 0x15, 0x8F, 0xE8, 0x07, 0xC8, 0x08, 0x4A, 0x39, 0x78, 0x9C, 0x95, 0x8A, 0xDB, 0x0D,
    0x40, 0x50, 0x14, 0x04, 0xD7, 0x0F, 0x12, 0x72, 0xA3, 0x03, 0x25, 0x28, 0x41, 0x0B, 0x4A, 0xD1,
    0x01, 0x1D, 0x28, 0x41, 0x09, 0x5A, 0x50, 0x8A, 0x0E, 0x44, 0x08, 0x11, 0x8F, 0x71, 0x6E, 0x09,
    0x36, 0xD9, 0xCC, 0xC7, 0xCC, 0x4D, 0x22, 0xAD, 0xB8, 0x8D, 0x42, 0x3A, 0x89, 0x46, 0x3A, 0x65,
    0xCC, 0xAA, 0xEC, 0x35, 0x8D, 0xF4, 0x10, 0x4E, 0x38, 0x69, 0x27, 0xDD, 0x88, 0xA4, 0x89, 0xF2,
    0x22, 0x90, 0xC9, 0xC1, 0x52, 0xDB, 0x0B, 0xB9, 0xE7, 0x01, 0xB1, 0xE7, 0x82, 0xD7, 0x52, 0x4B,
    0xEF, 0x61, 0x61, 0xF7, 0x83, 0x1F, 0x5C, 0xAC, 0x37, 0x69, 0x78, 0x9C, 0xBB, 0xF0, 0x1F, 0x0C,
    0x38, 0x2F, 0xA0, 0xD2, 0x2C, 0x0C, 0x40, 0x70, 0xE1, 0xFF, 0x7C, 0x10, 0xC5, 0xF0, 0xF3, 0x3F,
    0x2F, 0x88, 0x72, 0x80, 0x0A, 0x3F, 0x84, 0x0A, 0xFF, 0x82, 0x08, 0x07, 0xFC, 0xFF, 0xCF, 0x0C,
    0xA2, 0x3F, 0xFE, 0xEF, 0x07, 0x0B, 0xFF, 0x86, 0x08, 0x17, 0x40, 0x85, 0x3F, 0xFD, 0xAF, 0x07,
    0x0B, 0xFF, 0xFD, 0xCF, 0x03, 0xA2, 0x1A, 0xFE, 0xFF, 0x67, 0x02, 0xD1, 0x9F, 0xA1, 0xF6, 0xFD,
    0x40, 0xA3, 0x01, 0x7B, 0x6E, 0x44, 0xDB, 0x78, 0x9C, 0xFB, 0xFA, 0xFF, 0x3F, 0xDB, 0x57, 0x10,
    0xBE, 0xCF, 0xC0, 0x40, 0x15, 0x0C, 0x35, 0x0F, 0x00, 0xF1, 0x7F, 0x2C, 0xCD, 0x78, 0x9C, 0xFB,
    0xB3, 0x9E, 0x01, 0x08, 0xBE, 0xFD, 0x67, 0x04, 0x92, 0x0F, 0xFE, 0xB3, 0x03, 0xC9, 0x86, 0xFF,
    0x7C, 0x40, 0x52, 0xE1, 0xBF, 0x3F, 0x48, 0xE2, 0xF7, 0x7E, 0x10, 0xF9, 0xE5, 0x3F, 0x13, 0x90,
    0xBC, 0xF0, 0x9F, 0x03, 0x48, 0x16, 0x80, 0xA5, 0x05, 0xFE, 0xE7, 0x83, 0x24, 0x7E, 0x9D, 0x07,
    0x91, 0x9F, 0xFF, 0x33, 0x03, 0xC9, 0x03, 0xFF, 0x39, 0x81, 0x64, 0xC2, 0x7F, 0x79, 0x90, 0xD0,
    0xBF, 0x7A, 0x10, 0xF9, 0xE3, 0x3E, 0x88, 0xFC, 0xF4, 0x9F, 0x05, 0x48, 0x6E, 0xF8, 0xCF, 0x0D,
    0x24, 0x1D, 0x20, 0xD2, 0x7F, 0xFB, 0x01, 0x2C, 0xFE, 0x21, 0xF5, 0x78, 0x9C, 0xFB, 0xF4, 0xFF,
    0x3F, 0xE7, 0x27, 0x20, 0x66, 0x98, 0x40, 0x1D, 0xFC, 0x09, 0x6A, 0x1E, 0x00, 0x0F, 0x17, 0x28,
    0x95, 0x78, 0x9C, 0x63, 0x60, 0x68, 0x78, 0xCF, 0x00, 0x02, 0x1F, 0xFF, 0x73, 0x80, 0xA8, 0x9F,
    0xFF, 0xE5, 0x81, 0xA4, 0xC2, 0xFF, 0x17, 0xEB, 0x81, 0xD4, 0x82, 0xFF, 0x85, 0xFF, 0x99, 0x19,
    0x18, 0x3E, 0xF5, 0x33, 0xFC, 0xE3, 0x61, 0x60, 0xF8, 0x25, 0xCF, 0xF0, 0xDD, 0x9F, 0xC1, 0xE0,
    0x3F, 0x27, 0xC3, 0x83, 0xFB, 0x0C, 0x1B, 0xFE, 0x33, 0x31, 0x14, 0xFC, 0x67, 0xFB, 0x02, 0x52,
    0xF6, 0x8F, 0x0F, 0x00, 0x32, 0xBD, 0x18, 0xFD, 0x78, 0x9C, 0xFB, 0xFF, 0x1F, 0x08, 0xD8, 0x00,
    0x13, 0xF8, 0x05, 0x02, 0x78, 0x9C, 0x3B, 0xF0, 0x9F, 0x83, 0x41, 0xE0, 0xAF, 0x3F, 0x03, 0xC3,
    0xC5, 0xFF, 0x4C, 0x40, 0x06, 0x2F, 0x00, 0x38, 0x18, 0x06, 0x10, 0x78, 0x9C, 0x63, 0x68, 0x7A,
    0xFD, 0x3F, 0x87, 0x81, 0x41, 0xE0, 0x3F, 0x10, 0x70, 0x43, 0xA8, 0x7A, 0x06, 0x81, 0x1C, 0x61,
    0x83, 0x7F, 0xE7, 0x19, 0x80, 0xC2, 0xC9, 0x7F, 0xFF, 0x33, 0x30, 0x6C, 0x06, 0x89, 0x32, 0x24,
    0xFC, 0x7F, 0x3F, 0xFB, 0xCF, 0x7F, 0x86, 0x0F, 0xFF, 0xB9, 0x18, 0x7E, 0xFD, 0x67, 0xF8, 0xFC,
    0x9F, 0x85, 0x01, 0x28, 0xF7, 0xE5, 0xBF, 0xD4, 0x44, 0xA0, 0xDC, 0x47, 0xA0, 0x82, 0x7F, 0xFF,
    0x19, 0x26, 0xFC, 0xFF, 0xBF, 0x1F, 0x28, 0xC7, 0x70, 0xE3, 0x3D, 0x07, 0x90, 0x02, 0x00, 0xF6,
    0x26, 0x35, 0x82, 0x78, 0x9C, 0xFB, 0xF6, 0x9F, 0x9D, 0x01, 0x08, 0xBE, 0x11, 0x45, 0xDD, 0x78,
    0xAF, 0x05, 0xA4, 0x4E, 0xFC, 0xFF, 0xFF, 0x9F, 0xF9, 0xDB, 0x7F, 0x10, 0xE0, 0xFD, 0xF6, 0x7F,
    0xBE, 0xE0, 0xF7, 0xFF, 0xF6, 0xDF, 0xFE, 0xF3, 0x30, 0x2C, 0xF8, 0x5F, 0xFF, 0xED, 0x3F, 0x07,
    0x43, 0xC2, 0xFF, 0xF9, 0xDF, 0xFE, 0xB3, 0x31, 0x04, 0x80, 0x28, 0x76, 0x86, 0x82, 0xFF, 0xFD,
    0xDF, 0xFE, 0x73, 0x33, 0x5C, 0xF8, 0x1F, 0xFF, 0xED, 0x7F, 0xBD, 0xE2, 0xCF, 0xFF, 0xFC, 0x10,
    0x7D, 0x1C, 0xDF, 0xFE, 0xFF, 0xFE, 0xFF, 0x7F, 0x3F, 0xD0, 0x30, 0xF3, 0xDF, 0xE7, 0xD9, 0x18,
    0x00, 0x6C, 0x90, 0x48, 0xD4, 0x78, 0x9C, 0x63, 0x60, 0x58, 0xF2, 0xEF, 0x3D, 0x17, 0xC3, 0xC6,
    0xFF, 0xFF, 0xFF, 0xCB, 0x33, 0xFC, 0x01, 0x91, 0x09, 0xFF, 0xFF, 0xAB, 0x1B, 0x48, 0x1D, 0xF8,
    0x9F, 0xCF, 0xC0, 0xC0, 0xF0, 0xE1, 0x3F, 0x3F, 0x90, 0xFC, 0xF8, 0x9F, 0x17, 0x4C, 0x82, 0xD8,
    0x0F, 0xFE, 0xC7, 0x03, 0xC9, 0x86, 0xFF, 0xFF, 0xC5, 0x0D, 0xA4, 0x04, 0xFE, 0x81, 0x75, 0x5D,
    0x02, 0x93, 0x0C, 0xC7, 0xFF, 0x9F, 0x67, 0x07, 0x00, 0xCC, 0xCD, 0x25, 0x49, 0x78, 0x9C, 0x8D,
    0xCB, 0xB1, 0x0D, 0x40, 0x00, 0x14, 0x84, 0xE1, 0x97, 0xA0, 0x50, 0x10, 0x9B, 0x30, 0x82, 0x0D,
    0xD8, 0x88, 0x91, 0x6C, 0x60, 0x04, 0x12, 0x03, 0x5C, 0xA3, 0x51, 0x21, 0x1A, 0x85, 0xF8, 0x3D,
    0x26, 0x70, 0xCD, 0x97, 0x4B, 0xEE, 0xCC, 0x3C, 0xC8, 0x7E, 0x90, 0x2D, 0x6B, 0xEC, 0x1C, 0xD0,
    0xA3, 0xEC, 0xC6, 0xA3, 0x96, 0x35, 0x9C, 0xD0, 0x48, 0x65, 0x05, 0xDA, 0x48, 0xDF, 0xE5, 0x4E,
    0x62, 0x76, 0x3B, 0x5F, 0xDB, 0xC8, 0xAD, 0x46, 0x1D, 0x0A, 0x66, 0x54, 0xF2, 0xFD, 0xEC, 0x84,
    0xC6, 0xA9, 0xAF, 0x21, 0x42, 0x0F, 0xB5, 0xB6, 0x48, 0x65, 0x78, 0x9C, 0x63, 0x60, 0x38, 0xF6,
    0x7F, 0x2E, 0x13, 0x03, 0xC3, 0xC5, 0xFF, 0xFF, 0xFF, 0xC7, 0x33, 0x30, 0xFC, 0x05, 0x52, 0xFF,
    0x99, 0x0A, 0xFE, 0xAF, 0x67, 0xFC, 0xF6, 0x9F, 0xE3, 0xC2, 0x7F, 0x5E, 0x86, 0x03, 0xFF, 0x79,
    0x3E, 0x80, 0xC4, 0xFE, 0xF3, 0x7E, 0x84, 0x51, 0x3C, 0x0C, 0x40, 0xF0, 0xE0, 0xBF, 0x3E, 0x88,
    0x9A, 0xF0, 0xFF, 0xBE, 0x88, 0xC2, 0x74, 0x06, 0x05, 0x90, 0xD4, 0x79, 0x06, 0x86, 0x2F, 0x10,
    0x4A, 0xE0, 0xC6, 0xFF, 0x73, 0x1A, 0x0C, 0x00, 0x62, 0x35, 0x33, 0x0C, 0x78, 0x9C, 0x63, 0x60,
    0x98, 0xF4, 0xF7, 0x3C, 0x83, 0xC1, 0xFF, 0xFF, 0xE7, 0x19, 0x2E, 0x80, 0x88, 0xCF, 0xFF, 0xF5,
    0x18, 0x18, 0xBE, 0xFE, 0xE7, 0x80, 0x10, 0xDF, 0xFF, 0xFF, 0xFF, 0x1F, 0x8F, 0x20, 0x10, 0x12,
    0xC4, 0x12, 0x00, 0xC0, 0x81, 0x2F, 0xE2, 0x78, 0x9C, 0x1D, 0x8B, 0xBB, 0x09, 0xC2, 0x50, 0x00,
    0x45, 0x2F, 0x1A, 0xC1, 0xC6, 0xCF, 0x08, 0x6E, 0xE0, 0x1B, 0xC1, 0x0D, 0xCC, 0x04, 0x4E, 0x10,
    0x70, 0x00, 0x0B, 0xDD, 0xC8, 0x6C, 0x60, 0x69, 0x19, 0xC1, 0x01, 0xD2, 0xD8, 0xA4, 0xBA, 0x11,
    0x1B, 0xC1, 0xF0, 0x8E, 0x2F, 0xEF, 0x34, 0x87, 0x0B, 0xF7, 0x68, 0xD3, 0x79, 0x8E, 0xF5, 0x81,
    0x1B, 0x5E, 0x47, 0x12, 0xBE, 0xE0, 0xE2, 0x89, 0x1F, 0xEC, 0x15, 0x70, 0xCF, 0x4A, 0xC2, 0x6F,
    0x16, 0x52, 0x4C, 0x5A, 0x8E, 0xAB, 0x67, 0xAB, 0x12, 0xD7, 0xB4, 0xD3, 0x17, 0xDE, 0x91, 0x3B,
    0x7D, 0xE1, 0x4C, 0xAB, 0x72, 0x68, 0x66, 0x34, 0x4A, 0x04, 0xAE, 0xA3, 0x6A, 0x8E, 0xAA, 0x26,
    0xE1, 0x97, 0xDA, 0xFC, 0x2C, 0xB2, 0x0E, 0xD2, 0x3D, 0xFA, 0x24, 0xFD, 0x01, 0x92, 0x0E, 0x51,
    0x0B, 0x78, 0x9C, 0xFB, 0xF6, 0x9F, 0x9D, 0x01, 0x08, 0xBE, 0x11, 0x45, 0xBD, 0xB8, 0xCF, 0x01,
    0xA4, 0x6E, 0xFC, 0xFF, 0xBF, 0x1E, 0x48, 0x81, 0x00, 0xF3, 0xB7, 0xFF, 0xF5, 0x8A, 0x7F, 0xFF,
    0xB3, 0x7F, 0xFB, 0xCF, 0x0D, 0x14, 0xE1, 0xFC, 0xF6, 0x9F, 0x83, 0xE1, 0x0B, 0x88, 0x62, 0x67,
    0xF8, 0xFC, 0x9F, 0x8B, 0x78, 0x0A, 0x00, 0xE5, 0xAD, 0x43, 0x79, 0x78, 0x9C, 0xDB, 0x78, 0x9E,
    0xE9, 0xC7, 0x7F, 0xEE, 0x1F, 0xFF, 0xB9, 0x36, 0x9E, 0x67, 0x62, 0x00, 0x83, 0x6F, 0xFF, 0xD9,
    0x89, 0x41, 0x00, 0x7D, 0x9C, 0x20, 0xD4, 0x78, 0x9C, 0x63, 0x10, 0xF8, 0xAD, 0xC3, 0xD0, 0xF0,
    0x7F, 0x3F, 0x10, 0xAF, 0x67, 0x00, 0xB1, 0x61, 0x20, 0xE1, 0x7F, 0x3D, 0x19, 0x38, 0x9F, 0x61,
    0xC2, 0x7F, 0x7F, 0x86, 0xC7, 0xFF, 0xE5, 0x7F, 0xFD, 0xFF, 0xCF, 0xF9, 0xEB, 0xFF, 0x7D, 0xC6,
    0x5F, 0xF7, 0x39, 0x18, 0x00, 0xD4, 0x9D, 0x2C, 0x89, 0x78, 0x9C, 0xFB, 0xF6, 0x9F, 0x9D, 0x01,
    0x08, 0xBE, 0x11, 0x45, 0x09, 0xFC, 0xFF, 0xCF, 0x0E, 0xA4, 0x36, 0xFC, 0xDF, 0x0F, 0xE2, 0x7D,
    0xFD, 0x2F, 0x07, 0xA4, 0xC4, 0xFF, 0xFD, 0x67, 0x01, 0x52, 0xCB, 0xFF, 0xF7, 0x83, 0x94, 0xFC,
    0xF9, 0xCF, 0x03, 0xA2, 0xFE, 0xFF, 0xE7, 0x04, 0x51, 0x2F, 0xFF, 0xFB, 0x83, 0xA8, 0xF4, 0xFF,
    0xEF, 0x19, 0x41, 0x1A, 0x7E, 0xFF, 0xE7, 0x06, 0x51, 0x9F, 0xFE, 0xE7, 0x83, 0xA8, 0x82, 0xFF,
    0xFF, 0x99, 0x40, 0x46, 0x03, 0xB5, 0x00, 0x00, 0x35, 0x8C, 0x41, 0xE4, 0x78, 0x9C, 0xFB, 0xF6,
    0x9F, 0xFD, 0x1B, 0x59, 0x08, 0x00, 0x57, 0x96, 0x25, 0xB5, 0x78, 0x9C, 0xFB, 0xF6, 0x9F, 0xFD,
    0xFA, 0x7B, 0x0E, 0x81, 0x97, 0xF7, 0xD9, 0x19, 0xBE, 0xFD, 0x3F, 0xF1, 0xFF, 0xFF, 0xFA, 0x47,
    0xFF, 0xFF, 0xCF, 0x07, 0x32, 0x41, 0xE0, 0x1F, 0x10, 0x33, 0x7E, 0xFB, 0x5F, 0x6F, 0xF0, 0xEF,
    0x7F, 0xBD, 0xC3, 0xBF, 0xFF, 0xAC, 0xDF, 0xFE, 0xF3, 0x30, 0xFC, 0x00, 0x63, 0xB6, 0x6F, 0xFF,
    0x39, 0x18, 0x20, 0x98, 0x1D, 0x88, 0x18, 0xA0, 0x98, 0x72, 0x26, 0x00, 0xAB, 0xEB, 0x55, 0x85,
    0x78, 0x9C, 0xFB, 0xF6, 0x9F, 0xFD, 0xC6, 0x7B, 0x4E, 0x86, 0x6F, 0xFF, 0x4F, 0xFC, 0xFF, 0x7F,
    0x1E, 0x48, 0x81, 0x00, 0xCB, 0xB7, 0xFF, 0xF5, 0x8A, 0x7F, 0xFF, 0x73, 0x7C, 0xFB, 0xCF, 0xC3,
    0xF0, 0xF5, 0x3F, 0xD7, 0xB7, 0xFF, 0x1C, 0x0C, 0x9F, 0xFF, 0x73, 0x7F, 0xFB, 0xCF, 0xCE, 0xF0,
    0x89, 0x14, 0x0A, 0x00, 0x92, 0x44, 0x37, 0xA6, 0x78, 0x9C, 0x2D, 0x8C, 0xCD, 0x0D, 0x40, 0x40,
    0x14, 0x84, 0x3F, 0xB2, 0xDC, 0x88, 0x1B, 0xDD, 0x28, 0x41, 0x2B, 0x4A, 0x50, 0x8B, 0x1E, 0xB8,
    0x4A, 0x14, 0x20, 0xA2, 0x81, 0x2D, 0x01, 0x37, 0x91, 0xD8, 0xF1, 0x24, 0xE6, 0x32, 0x99, 0x5F,
    0x18, 0x82, 0xAF, 0x80, 0x59, 0x86, 0x04, 0x9E, 0x8F, 0x1B, 0x5A, 0xED, 0xAE, 0x97, 0x67, 0x55,
    0x0D, 0x41, 0xF1, 0xA1, 0x1C, 0x6E, 0x25, 0xA7, 0x32, 0xB8, 0x94, 0xFE, 0xDA, 0xFD, 0x79, 0xD4,
    0xC9, 0x5B, 0x7F, 0xA2, 0x08, 0xDF, 0xDE, 0xBC, 0xCD, 0x68, 0x77, 0x76, 0x3C, 0x86, 0xA5, 0x84,
    0x17, 0x65, 0xDE, 0x37, 0x06, 0x78, 0x9C, 0x8D, 0x8C, 0xB1, 0x0D, 0x40, 0x50, 0x14, 0x45, 0x5F,
    0x14, 0xBE, 0x04, 0x11, 0x23, 0x68, 0x2D, 0xA0, 0xB4, 0x82, 0x0D, 0x18, 0xC1, 0x06, 0x46, 0xF8,
    0x23, 0xB0, 0x81, 0x51, 0x28, 0x6D, 0xA1, 0xBB, 0x89, 0x28, 0x0E, 0x3F, 0x16, 0x70, 0x9A, 0xD3,
    0xDC, 0x73, 0x85, 0x3B, 0xCE, 0xDA, 0xC4, 0x01, 0x67, 0x24, 0x02, 0x99, 0x58, 0x4B, 0xD1, 0x8A,
    0xDC, 0x16, 0x26, 0x91, 0xD8, 0xC0, 0x2C, 0x62, 0xEB, 0x82, 0x9C, 0x8D, 0x78, 0x91, 0xDA, 0x4E,
    0x2F, 0x7C, 0x75, 0x51, 0x7C, 0x9D, 0x13, 0x37, 0xAC, 0xEF, 0x59, 0x73, 0x6F, 0xB1, 0x85, 0xE5,
    0xCB, 0x0F, 0x3D, 0x36, 0xF9, 0x48, 0xE1, 0x78, 0x9C, 0x63, 0x10, 0x78, 0xF9, 0x9E, 0xE3, 0xFF,
    0x7D, 0x86, 0xCF, 0xFF, 0xFF, 0xEF, 0xFF, 0x7F, 0x5F, 0xE0, 0xDF, 0x7F, 0x20, 0xB8, 0xDF, 0xF0,
    0xFF, 0x3D, 0xCB, 0xE5, 0xFF, 0xF7, 0x2F, 0xFC, 0xF7, 0x67, 0x30, 0xF8, 0x7F, 0xFF, 0xC3, 0x7F,
    0x7E, 0x06, 0x86, 0xFF, 0xF7, 0x3F, 0xFE, 0xE7, 0x65, 0x60, 0xF8, 0x07, 0xA4, 0xF8, 0x40, 0xBC,
    0x0F, 0xFF, 0xED, 0x19, 0x02, 0xFE, 0xDF, 0xDF, 0xF0, 0xFF, 0x3E, 0xF3, 0x93, 0xFF, 0xF7, 0x1D,
    0xFE, 0x83, 0xF5, 0x31, 0xFC, 0xF8, 0xFF, 0xBF, 0x1E, 0x48, 0x05, 0xFC, 0x39, 0xCF, 0x0A, 0xA4,
    0x40, 0x80, 0x28, 0x0A, 0x00, 0xC9, 0x03, 0x48, 0x75, 0x78, 0x9C, 0xFB, 0xF6, 0xDF, 0xFC, 0x37,
    0xF7, 0xB7, 0xFF, 0x3F, 0xFF, 0xF3, 0x7C, 0xFB, 0xFF, 0x1F, 0x44, 0xEC, 0x67, 0x62, 0xFA, 0xF6,
    0x9F, 0x8F, 0x81, 0xE1, 0xDB, 0x7F, 0x4E, 0x10, 0xC1, 0x01, 0x22, 0xD8, 0xF1, 0x10, 0x00, 0xC5,
    0x88, 0x1F, 0xC9, 0x78, 0x9C, 0x63, 0x68, 0x7C, 0xF3, 0x3E, 0x9A, 0xC1, 0xE0, 0xDF, 0xFF, 0xFF,
    0xEB, 0x19, 0x2E, 0xFC, 0x07, 0x91, 0x9F, 0xFE, 0xCB, 0x28, 0xB4, 0x33, 0x7C, 0xFC, 0x1F, 0xC7,
    0xC0, 0x00, 0x12, 0xE9, 0x63, 0x62, 0x50, 0x00, 0xCA, 0xC6, 0x33, 0x30, 0x24, 0xFC, 0xF9, 0xFF,
    0x9F, 0x91, 0x81, 0x41, 0xE1, 0xCF, 0x7F, 0xD6, 0x4D, 0xAA, 0x02, 0x3F, 0xFE, 0xB3, 0x7E, 0x06,
    0xAA, 0xFF, 0xCF, 0x08, 0x22, 0xE3, 0x19, 0x80, 0xC6, 0xF4, 0x30, 0x32, 0x00, 0x00, 0xA8, 0xF7,
    0x2B, 0x70, 0x78, 0x9C, 0x63, 0x50, 0xD8, 0xC6, 0xCA, 0xC0, 0xF0, 0xED, 0x3F, 0x1B, 0x03, 0xC3,
    0x77, 0x18, 0xF1, 0xE3, 0xFF, 0xFF, 0xFF, 0xF6, 0x08, 0x02, 0x21, 0x81, 0x95, 0xF8, 0xF6, 0x5F,
    0x86, 0x81, 0xE1, 0x33, 0x48, 0xDD, 0x01, 0x10, 0xC1, 0xF0, 0xF2, 0xBF, 0x3D, 0x00, 0xF3, 0xF8,
    0x29, 0xB8, 0x78, 0x9C, 0xFB, 0xF9, 0x9F, 0x85, 0xE1, 0xEB, 0x7F, 0x8E, 0x9F, 0x24, 0x51, 0xDF,
    0xFE, 0x73, 0xFC, 0xF8, 0xCF, 0xCE, 0xF0, 0xF3, 0x3F, 0xC7, 0xB7, 0xFF, 0x76, 0x01, 0xFF, 0xFF,
    0x73, 0x7C, 0xFA, 0x0F, 0x02, 0x1C, 0x13, 0xFE, 0xFF, 0x7F, 0xFF, 0xFD, 0x3F, 0x07, 0xC3, 0xF5,
    0xF7, 0x92, 0x40, 0x95, 0x00, 0xA0, 0x1F, 0x37, 0x94, 0x78, 0x9C, 0x15, 0xC5, 0x41, 0x0D, 0x82,
    0x50, 0x00, 0x80, 0xE1, 0x7F, 0x8C, 0x8D, 0xE1, 0xA6, 0xBC, 0x06, 0x46, 0x30, 0x02, 0x15, 0x68,
    0x20, 0x0D, 0x88, 0x60, 0x04, 0x2A, 0x70, 0x20, 0x00, 0x0D, 0xA4, 0x01, 0x15, 0x3C, 0x72, 0x73,
    0xCC, 0x0D, 0x0E, 0x3C, 0xF7, 0xA3, 0xDF, 0xE5, 0x8B, 0xA6, 0x74, 0xDE, 0x37, 0x73, 0x5E, 0x16,
    0x8B, 0x17, 0x3E, 0x9E, 0x46, 0x6F, 0x6C, 0xA6, 0xB5, 0x0F, 0xE2, 0x9B, 0xE0, 0x33, 0xD8, 0xC2,
    0x6E, 0x65, 0x09, 0xAB, 0xBD, 0x67, 0x58, 0x9C, 0xCD, 0x60, 0xF0, 0x6B, 0x02, 0x95, 0x4E, 0xFC,
    0x68, 0xF3, 0x6F, 0xF7, 0x0A, 0x07, 0xD6, 0x32, 0x2D, 0x5D, 0x78, 0x9C, 0x0D, 0xCD, 0x01, 0x0D,
    0x82, 0x40, 0x00, 0x86, 0xD1, 0xDF, 0xE9, 0x3C, 0x87, 0x22, 0x11, 0xA4, 0x01, 0x15, 0x68, 0xA0,
    0x0D, 0xA4, 0x01, 0x11, 0x24, 0x82, 0x0D, 0xA4, 0xC1, 0x19, 0xC1, 0x08, 0x36, 0xB8, 0x6B, 0x80,
    0x28, 0xF3, 0x1C, 0x22, 0x9F, 0x04, 0x78, 0x7B, 0x3D, 0x73, 0xF5, 0x2C, 0xC4, 0xE5, 0x8D, 0xD1,
    0x88, 0x49, 0x39, 0xB6, 0x44, 0x29, 0xAC, 0x0F, 0x24, 0x77, 0xE2, 0x02, 0x92, 0x8A, 0xCD, 0x99,
    0xA4, 0x76, 0x63, 0x76, 0xC5, 0xE4, 0xEC, 0xBD, 0xFD, 0x96, 0x7E, 0x82, 0x9C, 0x9E, 0x65, 0xB0,
    0x6D, 0x23, 0x0D, 0x36, 0x64, 0x9D, 0xEB, 0xAC, 0x14, 0x5C, 0xBF, 0x7D, 0xF0, 0x29, 0xA5, 0x17,
    0xBF, 0xE8, 0xC6, 0xB0, 0x93, 0x3C, 0x2C, 0x2B, 0x88, 0xA5, 0x1A, 0x66, 0x39, 0xAC, 0xA4, 0x02,
    0x27, 0x31, 0xCD, 0x7F, 0x7A, 0x44, 0x4A, 0x1B, 0x78, 0x9C, 0x25, 0x8B, 0xC1, 0x0D, 0x40, 0x40,
    0x14, 0x05, 0xDF, 0x8A, 0xDB, 0x8A, 0x16, 0x28, 0xC5, 0x55, 0x15, 0x5B, 0x82, 0x52, 0x94, 0xE0,
    0xE6, 0xAC, 0x04, 0x1D, 0xAC, 0x0E, 0x50, 0x82, 0x84, 0x84, 0x04, 0xE3, 0x27, 0x92, 0xB9, 0xCC,
    0x24, 0x73, 0x50, 0x68, 0x24, 0x0C, 0x74, 0xDA, 0xF1, 0x25, 0xB8, 0x1B, 0xA7, 0x93, 0x9A, 0x46,
    0x9A, 0x88, 0x78, 0xA9, 0x02, 0x12, 0x49, 0x0F, 0x51, 0xBF, 0xA5, 0xD2, 0xCA, 0x4B, 0x2E, 0x5D,
    0xF4, 0xB4, 0xD6, 0x66, 0x5B, 0x93, 0x85, 0x60, 0x21, 0x33, 0xB4, 0x11, 0x3E, 0xF9, 0xBD, 0x32,
    0x24, 0x78, 0x9C, 0x25, 0xCC, 0x5B, 0x0D, 0xC2, 0x60, 0x10, 0x44, 0xE1, 0x13, 0x9A, 0x26, 0x4D,
    0xB8, 0x04, 0x07, 0x45, 0x02, 0x0E, 0x90, 0x00, 0x0E, 0xC0, 0x41, 0xEB, 0x00, 0x24, 0xD4, 0x01,
    0x12, 0x2A, 0x01, 0x09, 0x20, 0xA1, 0x0E, 0xFA, 0xC0, 0x35, 0x94, 0xE4, 0xF0, 0x2F, 0xCC, 0xC3,
    0x7C, 0xD9, 0x64, 0x33, 0x17, 0xB7, 0xF0, 0x34, 0xAF, 0x6D, 0x61, 0x90, 0xB9, 0x3D, 0x78, 0x84,
    0xB7, 0xD9, 0xC6, 0x35, 0xDC, 0x2C, 0x1A, 0x67, 0xD0, 0x39, 0xED, 0x2C, 0xA0, 0xB6, 0xBC, 0x3A,
    0x22, 0x3D, 0x56, 0xAF, 0x33, 0x29, 0x43, 0xFB, 0xD9, 0x87, 0xF7, 0xDE, 0x32, 0xEC, 0x74, 0x1C,
    0x1E, 0x34, 0x0F, 0x17, 0x1A, 0xB0, 0x8C, 0xD5, 0x94, 0xC6, 0xD5, 0xCF, 0x87, 0x93, 0xD4, 0x3B,
    0x35, 0xFB, 0x5B, 0xF1, 0xF3, 0x14, 0x27, 0x5F, 0x37, 0x0D, 0x39, 0x46, 0x78, 0x9C, 0xFB, 0xF8,
    0x1F, 0x08, 0xEA, 0x3F, 0x22, 0x48, 0x7D, 0x06, 0x06, 0x86, 0x3F, 0xFF, 0xD9, 0x18, 0x18, 0x26,
    0xFC, 0x5F, 0x0F, 0x64, 0x7E, 0xFD, 0xCF, 0xCB, 0xC0, 0xA0, 0xF0, 0xFF, 0x3F, 0x13, 0x03, 0xC3,
    0x81, 0xFF, 0xF9, 0x40, 0x81, 0x9F, 0xFF, 0xB9, 0x18, 0x18, 0x02, 0xFE, 0xDF, 0x07, 0x32, 0x3F,
    0x81, 0xD4, 0xF7, 0xFF, 0x02, 0x93, 0xBF, 0xC1, 0x24, 0x00, 0x43, 0x1D, 0x2F, 0x3B, 0x78, 0x9C,
    0x63, 0x10, 0xB8, 0x69, 0xCF, 0xF0, 0xF0, 0xBF, 0x3D, 0xC3, 0x8F, 0xFB, 0x4C, 0x0C, 0xBF, 0xF3,
    0x19, 0x18, 0xFE, 0xFA, 0x23, 0x61, 0x7B, 0x06, 0x86, 0xFF, 0xF2, 0x0C, 0x0D, 0xFF, 0x79, 0x18,
    0x7E, 0x83, 0xA4, 0x81, 0xB8, 0x00, 0xC8, 0x06, 0x89, 0x81, 0xE5, 0x90, 0xD5, 0xFE, 0x01, 0xEA,
    0xFD, 0x71, 0x9E, 0x09, 0x6C, 0x16, 0xD0, 0x4C, 0x00, 0xA6, 0x10, 0x20, 0x40, 0x78, 0x9C, 0xFB,
    0xBE, 0xFE, 0x3B, 0x89, 0x10, 0x00, 0x1E, 0xD3, 0x29, 0x37, 0x78, 0x9C, 0x7B, 0x6F, 0xC5, 0xC0,
    0xF0, 0xFF, 0x3F, 0x33, 0xC3, 0xC2, 0xFF, 0xDC, 0x0C, 0x0A, 0xFF, 0xF9, 0x81, 0x1C, 0x10, 0x96,
    0x47, 0xE0, 0xBF, 0xF6, 0x0C, 0x0C, 0x3F, 0xF6, 0x33, 0x32, 0x1C, 0x00, 0x4A, 0x6C, 0x00, 0x62,
    0x10, 0x1B, 0x24, 0x86, 0xAC, 0x06, 0x88, 0x05, 0x80, 0x52, 0x13, 0xFF, 0xF3, 0x00, 0xCD, 0x62,
    0x61, 0x78, 0x0F, 0x34, 0x13, 0x00, 0x53, 0x47, 0x1E, 0x3D, 0x78, 0x9C, 0x13, 0x78, 0x75, 0x9E,
    0x95, 0xE1, 0x8B, 0xFD, 0x81, 0xFF, 0xFF, 0xCF, 0xB3, 0xFC, 0xE6, 0xFF, 0x9A, 0x1F, 0xF0, 0xEF,
    0xFF, 0x7F, 0xF6, 0x1F, 0xFC, 0x0C, 0x05, 0x7F, 0x6B, 0x19, 0x00, 0xE3, 0x0A, 0x0F, 0x45, 0x78,
    0x9C, 0x03, 0x00, 0x00, 0x00, 0x00, 0x01, 0x78, 0x9C, 0x0B, 0x78, 0xC7, 0xFE, 0xE1, 0xBF, 0x3D,
    0x10, 0x25, 0xFC, 0xE3, 0x60, 0x00, 0x83, 0x82, 0xFF, 0xDC, 0x0D, 0x20, 0xC4, 0x33, 0xE1, 0x3F,
    0xCF, 0x82, 0xFF, 0xBC, 0x0B, 0xFE, 0xF3, 0x6D, 0x00, 0x21, 0xFE, 0x03, 0xFF, 0xF9, 0x2F, 0x80,
    0x90, 0xFC, 0x83, 0xFF, 0xFA, 0x00, 0xC7, 0x84, 0x1B, 0xAE, 0x78, 0x9C, 0x63, 0x60, 0x60, 0xF8,
    0xC7, 0x00, 0x02, 0x08, 0xD2, 0xE0, 0xD5, 0xFF, 0x3E, 0x06, 0x86, 0x9F, 0xFF, 0xFF, 0xFF, 0x67,
    0x99, 0xF0, 0x1F, 0x44, 0x7E, 0xFE, 0xEF, 0xF7, 0xAF, 0x89, 0xF9, 0xE7, 0x7F, 0x66, 0xA0, 0xEC,
    0xDF, 0xFB, 0x20, 0x35, 0xFF, 0xF6, 0x33, 0xC0, 0xD9, 0xBF, 0xC1, 0xE2, 0x5F, 0xC1, 0x6A, 0x0E,
    0x80, 0xD5, 0x0B, 0xFC, 0x01, 0x91, 0x0C, 0x01, 0xAF, 0xFF, 0xD7, 0xA2, 0x98, 0x0C, 0x00, 0x3C,
    0xF2, 0x31, 0x97, 0x78, 0x9C, 0x63, 0x60, 0x50, 0x78, 0x75, 0x9F, 0x83, 0x81, 0x81, 0xE1, 0xEB,
    0xFF, 0xFF, 0xF5, 0x0C, 0x0C, 0x0A, 0xFF, 0xC1, 0x54, 0xC3, 0xFF, 0x7E, 0xC1, 0x34, 0x06, 0x86,
    0x03, 0xFF, 0xF9, 0x80, 0x32, 0x0C, 0x0F, 0xFE, 0x73, 0x43, 0x28, 0x2E, 0x04, 0xF5, 0x01, 0xA8,
    0xF0, 0x3F, 0x3A, 0x85, 0x50, 0xC2, 0x09, 0xA2, 0x3E, 0xFD, 0x67, 0x01, 0x92, 0x02, 0x7F, 0xEA,
    0x41, 0x9C, 0xCF, 0x20, 0x25, 0xFF, 0x39, 0xBF, 0xA0, 0x50, 0x00, 0xF2, 0xDF, 0x3B, 0x0A, 0x78,
    0x9C, 0x53, 0xE0, 0x66, 0x60, 0x60, 0xD8, 0xC8, 0x78, 0x71, 0xFF, 0xD1, 0x77, 0xD1, 0x7F, 0x78,
    0x0E, 0xFE, 0x07, 0x01, 0x6E, 0x86, 0xBF, 0xF5, 0x82, 0x3F, 0xCF, 0x33, 0x08, 0xFC, 0xE7, 0x64,
    0xD8, 0xF0, 0x9E, 0x21, 0xE0, 0x3F, 0x33, 0x83, 0xC3, 0x7F, 0xE6, 0x84, 0xFF, 0x8C, 0x0C, 0x0A,
    0xFF, 0x59, 0xA1, 0x3C, 0xA8, 0x1C, 0x48, 0xE5, 0x8F, 0xF3, 0x0C, 0x50, 0x7D, 0x20, 0x53, 0xBC,
    0xFF, 0xF0, 0x28, 0x40, 0xCC, 0x04, 0x00, 0xA4, 0x1C, 0x2A, 0x48, 0x78, 0x9C, 0xFB, 0xFC, 0x9F,
    0x8B, 0x81, 0xE1, 0xCF, 0x7D, 0x86, 0x0D, 0xFF, 0xE5, 0x19, 0x0C, 0xFE, 0xFB, 0x03, 0x71, 0x3D,
    0xC3, 0x82, 0xFF, 0x3C, 0x0C, 0x0C, 0xBF, 0xDE, 0x33, 0x7C, 0xFC, 0xCF, 0xCC, 0xC0, 0xF0, 0xE9,
    0x3F, 0xCB, 0xF7, 0xFD, 0x0C, 0x0C, 0x40, 0x41, 0xEE, 0xBF, 0xFA, 0x40, 0x5A, 0xE1, 0x7F, 0xFE,
    0x7F, 0x4E, 0x20, 0xCD, 0xF0, 0xF3, 0xFF, 0x7F, 0x46, 0x06, 0x86, 0x82, 0xFF, 0x20, 0xC0, 0x07,
    0xA7, 0x19, 0x18, 0x26, 0xFC, 0x07, 0x29, 0x83, 0xD1, 0x84, 0xE4, 0xD1, 0x69, 0x00, 0xFD, 0x4C,
    0x3A, 0xC0, 0x78, 0x9C, 0xFB, 0xBE, 0xFE, 0x3B, 0x16, 0xC8, 0x00, 0x06, 0xD8, 0x64, 0xBE, 0xAF,
    0x07, 0x00, 0xA0, 0x3D, 0x24, 0x45, 0x78, 0x9C, 0x01, 0x5F, 0x00, 0xA0, 0xFF, 0x00, 0x92, 0xFE,
    0xCE, 0x07, 0x20, 0xFF, 0xFF, 0xFF, 0x0D, 0xB0, 0xFF, 0x09, 0x62, 0x0A, 0xE0, 0xFF, 0x03, 0x00,
    0x00, 0xD0, 0xFF, 0x08, 0x00, 0x00, 0x80, 0xFF, 0xDF, 0x05, 0x00, 0x20, 0xFF, 0xFF, 0xDF, 0x03,
    0xD0, 0xFF, 0xFC, 0xFF, 0x3F, 0xF4, 0xAF, 0x30, 0xFC, 0xCF, 0xF5, 0xAF, 0x00, 0xF1, 0xFF, 0xF2,
    0xFF, 0x07, 0xF1, 0xDF, 0x90, 0xFF, 0xEF, 0xFC, 0x7F, 0x00, 0xF8, 0xFF, 0xFF, 0x0A, 0x00, 0x20,
    0xFA, 0xFF, 0x0A, 0x00, 0x00, 0x30, 0xFF, 0x1F, 0x00, 0x00, 0x00, 0xFD, 0x2F, 0xC2, 0x26, 0x40,
    0xFF, 0x0E, 0xF2, 0xFF, 0xFF, 0xFF, 0x04, 0x81, 0xED, 0xEF, 0x2A, 0x00, 0xD0, 0x27, 0x34, 0x18,
    0x78, 0x9C, 0x7B, 0x16, 0xC7, 0xF0, 0x5B, 0xE6, 0xDF, 0x7E, 0x87, 0xFF, 0xF1, 0xCF, 0x40, 0x2C,
    0x00, 0x43, 0x83, 0x08, 0x12, 0x78, 0x9C, 0x63, 0x60, 0x60, 0x58, 0xF6, 0xF7, 0x7E, 0x16, 0x03,
    0x08, 0x3C, 0xCD, 0x61, 0x52, 0xB8, 0x16, 0x07, 0x64, 0x4C, 0xC8, 0x07, 0x71, 0xBF, 0x73, 0x00,
    0x31, 0x8B, 0xC1, 0xAB, 0xF7, 0x31, 0x09, 0xF5, 0x0C, 0x06, 0xF5, 0x0C, 0x3F, 0xFE, 0xFF, 0x5F,
    0xCF, 0xF0, 0x93, 0x69, 0x03, 0x5F, 0xC1, 0x7F, 0x5F, 0x81, 0x56, 0x86, 0x8F, 0x9C, 0x1F, 0x38,
    0x3F, 0xFE, 0x67, 0x02, 0x2A, 0xDC, 0xC0, 0xF7, 0x85, 0xF5, 0xEB, 0x7A, 0x90, 0x96, 0x02, 0xFD,
    0xAF, 0x2C, 0x3F, 0xEA, 0x41, 0xAC, 0x04, 0x7B, 0x04, 0xEB, 0x0B, 0xEB, 0x37, 0xA8, 0xEC, 0x47,
    0xCE, 0x4F, 0x50, 0x1D, 0x07, 0xF8, 0x26, 0x40, 0x4D, 0x71, 0xA8, 0x67, 0xF8, 0xF5, 0xFF, 0xFF,
    0x7E, 0x86, 0x5F, 0x8C, 0x0C, 0xBF, 0x58, 0x02, 0x5E, 0xBF, 0x8F, 0x4E, 0x00, 0xDA, 0xBE, 0x01,
    0xEC, 0x82, 0x1F, 0xEC, 0x20, 0x67, 0x00, 0x5D, 0x75, 0xDD, 0x17, 0xC4, 0x15, 0xD8, 0xFE, 0xEF,
    0x7E, 0x14, 0x90, 0x06, 0x00, 0x41, 0xB1, 0x3E, 0xD5, 0x78, 0x9C, 0x63, 0xD8, 0xFA, 0x2F, 0x86,
    0xC1, 0xE1, 0xFF, 0xFF, 0xFF, 0xAC, 0x0E, 0x96, 0x0A, 0xFF, 0x78, 0x18, 0x18, 0x82, 0xFF, 0xF0,
    0x0B, 0xFC, 0xFA, 0xFF, 0x9F, 0x7F, 0xC3, 0x7F, 0xF3, 0x5F, 0xFC, 0x1F, 0xFA, 0x19, 0x80, 0xC4,
    0x7E, 0x87, 0xFF, 0xFC, 0x07, 0xFE, 0xFF, 0x07, 0x4A, 0xFC, 0xF6, 0x3D, 0xC6, 0x03, 0x00, 0x72,
    0xC9, 0x19, 0xD1, 0x78, 0x9C, 0x63, 0x60, 0xF8, 0x93, 0x2F, 0xF0, 0x37, 0x9F, 0xE1, 0xC0, 0x7F,
    0xB6, 0x83, 0xFF, 0x59, 0x41, 0x9C, 0x3F, 0xF1, 0x20, 0xCE, 0x01, 0x20, 0xE7, 0xE2, 0x7F, 0xD6,
    0x8B, 0xFF, 0x59, 0x18, 0x80, 0x22, 0x02, 0x7F, 0xE3, 0x19, 0x18, 0x0E, 0xFE, 0x67, 0x03, 0x8A,
    0x30, 0x80, 0x35, 0xC4, 0x03, 0x00, 0xE1, 0x44, 0x19, 0xC3, 0x78, 0x9C, 0xFB, 0xF8, 0x1F, 0x04,
    0x78, 0x3E, 0x42, 0x28, 0x06, 0x10, 0xF8, 0x85, 0x97, 0x02, 0x00, 0x52, 0xA9, 0x11, 0x0F, 0x78,
    0x9C, 0xFB, 0xF2, 0xFF, 0x7F, 0xFE, 0x17, 0x28, 0x06, 0x00, 0x44, 0x46, 0x0A, 0x24, 0x78, 0x9C,
    0x63, 0x60, 0x98, 0xFC, 0xF7, 0xBE, 0x26, 0x03, 0x03, 0xC3, 0x84, 0x7E, 0x26, 0x83, 0x9F, 0x1C,
    0x0C, 0x0C, 0xB7, 0xBE, 0xFF, 0xDF, 0xE7, 0x32, 0x9F, 0xA1, 0x40, 0xFF, 0xEB, 0xFF, 0xFF, 0xF2,
    0x5F, 0x59, 0x1F, 0x70, 0x7C, 0xE5, 0xF9, 0x1C, 0x7F, 0x80, 0xF7, 0x0B, 0xD3, 0x57, 0x9E, 0x4F,
    0xFE, 0x09, 0xF2, 0xDF, 0x19, 0x80, 0xE2, 0x9C, 0x06, 0xFE, 0x2F, 0x80, 0xF4, 0x7E, 0x06, 0x05,
    0x7F, 0x20, 0x5F, 0xE6, 0x1F, 0xBB, 0x81, 0x3D, 0x48, 0xFE, 0x07, 0x6F, 0x02, 0x3F, 0x58, 0xBD,
    0xFD, 0x01, 0x6E, 0xA0, 0x7E, 0x9E, 0x07, 0xF3, 0xBF, 0x32, 0x33, 0xDC, 0x66, 0x62, 0x60, 0x70,
    0xA8, 0x67, 0x60, 0x58, 0x00, 0x34, 0xFF, 0x17, 0x1B, 0xD0, 0xA2, 0xC5, 0x7F, 0xEF, 0x4B, 0x30,
    0x30, 0x00, 0x00, 0xE3, 0x4E, 0x33, 0xBA, 0x78, 0x9C, 0xFB, 0xFF, 0x1F, 0x08, 0xD8, 0x00, 0x13,
    0xF8, 0x05, 0x02, 0x78, 0x9C, 0x53, 0xF8, 0x3D, 0x8F, 0xE1, 0xC2, 0xFF, 0xFF, 0xDC, 0xDF, 0xA4,
    0x1F, 0xD9, 0xFF, 0x60, 0x9D, 0x10, 0x0F, 0xA4, 0xF5, 0x41, 0x7C, 0x05, 0xA0, 0x38, 0x00, 0xE4,
    0xA8, 0x0F, 0x65, 0x78, 0x9C, 0x63, 0x60, 0x48, 0xF8, 0xCF, 0xC8, 0x00, 0x04, 0xB8, 0xA9, 0x0F,
    0xFF, 0x41, 0x80, 0x07, 0x4A, 0xE1, 0x53, 0x89, 0x4E, 0x81, 0xC1, 0x47, 0x88, 0x3E, 0x28, 0x05,
    0x00, 0x9D, 0xF7, 0x26, 0xFF, 0x78, 0x9C, 0x2B, 0xF8, 0x73, 0x9E, 0xE5, 0xC3, 0xFF, 0xFF, 0xF6,
    0x0B, 0x98, 0xBF, 0xCD, 0x67, 0x60, 0xF8, 0x32, 0x9F, 0x41, 0xE0, 0xAF, 0x3E, 0xC3, 0x93, 0xFF,
    0xAC, 0x09, 0xFF, 0xFD, 0x18, 0x3E, 0x9D, 0x67, 0x64, 0xF8, 0xF1, 0xFF, 0xFF, 0xF9, 0x9F, 0x40,
    0x0C, 0x00, 0xBF, 0xA6, 0x17, 0x56, 0x78, 0x9C, 0x01, 0x28, 0x00, 0xD7, 0xFF, 0x80, 0xFD, 0xBE,
    0x03, 0xF1, 0xFF, 0xFF, 0x1F, 0xA1, 0x02, 0xF7, 0x5F, 0x00, 0x00, 0xF8, 0x2F, 0x60, 0xFF, 0xEF,
    0x04, 0x60, 0xFF, 0xFF, 0x2D, 0x00, 0x00, 0xF4, 0xAF, 0x75, 0x02, 0xF3, 0xAF, 0xF6, 0xFF, 0xFF,
    0x3F, 0xA2, 0xFE, 0xAD, 0x02, 0xC8, 0x2A, 0x16, 0x88, 0x78, 0x9C, 0x63, 0x68, 0xF8, 0xCF, 0xC3,
    0xF0, 0xF5, 0x3C, 0x83, 0xC2, 0x7F, 0x59, 0x86, 0x8B, 0xF7, 0x19, 0x19, 0x00, 0x37, 0x45, 0x06,
    0x3D, 0x78, 0x9C, 0xFB, 0xF6, 0x9F, 0x9D, 0xE1, 0xF3, 0x7F, 0xEE, 0x6F, 0x24, 0x50, 0x1C, 0x0C,
    0x5F, 0x40, 0x14, 0x17, 0xC3, 0x77, 0x10, 0xE5, 0xEF, 0xF0, 0x0F, 0x44, 0x81, 0x00, 0x98, 0xFA,
    0xF5, 0x9F, 0xF7, 0xDB, 0xFF, 0xDB, 0xEB, 0x1F, 0xFC, 0xE7, 0x07, 0x69, 0x00, 0x02, 0x7C, 0x14,
    0x00, 0x62, 0xC3, 0x43, 0xA5, 0x78, 0x9C, 0x33, 0xF8, 0xF3, 0xFF, 0xFF, 0x7F, 0x8E, 0x2F, 0xFF,
    0x41, 0xE4, 0xEF, 0xFF, 0xF3, 0x3F, 0xE8, 0x33, 0xFC, 0x05, 0x93, 0x10, 0xF6, 0x67, 0x30, 0xE9,
    0xF0, 0x07, 0x44, 0x32, 0x4C, 0xA0, 0x94, 0x04, 0x00, 0xC7, 0xF7, 0x34, 0x58, 0x78, 0x9C, 0x3B,
    0xB4, 0x9F, 0xF1, 0xCF, 0x7F, 0x0E, 0x20, 0xBA, 0xBC, 0x9F, 0x11, 0x00, 0x31, 0x6A, 0x07, 0x1C,
    0x78, 0x9C, 0x3B, 0xE0, 0xCF, 0x70, 0xE0, 0x3F, 0x17, 0xC3, 0xE7, 0x7A, 0x86, 0x2F, 0xFD, 0xDF,
    0xFE, 0xDB, 0x7F, 0x3D, 0xC7, 0x02, 0x00, 0x57, 0xAF, 0x09, 0xC9, 0x78, 0x9C, 0x63, 0x28, 0xD8,
    0x1F, 0xF0, 0x77, 0xFF, 0xF7, 0xFF, 0xFB, 0x97, 0x3D, 0xDA, 0xCF, 0xF0, 0x00, 0x1D, 0x01, 0x00,
    0x1A, 0x65, 0x11, 0xF2, 0x78, 0x9C, 0x63, 0x98, 0xF8, 0x77, 0x3F, 0x0B, 0x83, 0xC2, 0xBF, 0xFF,
    0xFF, 0xEB, 0x19, 0x36, 0xFC, 0x67, 0x7B, 0xFC, 0x9F, 0xF1, 0xC3, 0x79, 0x86, 0x86, 0xFF, 0xAC,
    0x1F, 0xF7, 0x33, 0x24, 0xFC, 0x67, 0xFF, 0x70, 0x1F, 0xC4, 0x3E, 0x00, 0x16, 0x37, 0xF8, 0xFF,
    0xFF, 0x7F, 0x3E, 0x03, 0xC3, 0xA2, 0x7F, 0xFB, 0x58, 0x18, 0x00, 0x23, 0x02, 0x1C, 0xD7, 0x78,
    0x9C, 0x3B, 0xF0, 0x9F, 0xED, 0xE0, 0x7F, 0x36, 0x06, 0x86, 0x3F, 0xF9, 0x02, 0x7F, 0xE2, 0x19,
    0x18, 0x0E, 0x80, 0xB8, 0xAC, 0x70, 0xEE, 0xEF, 0x7A, 0x86, 0xDF, 0xF9, 0x0C, 0x1B, 0xFE, 0xB3,
    0x03, 0xC5, 0x19, 0xFE, 0xD4, 0x0B, 0xFC, 0xC9, 0x07, 0xAA, 0x60, 0x07, 0x69, 0x00, 0x00, 0xDB,
    0x8F, 0x19, 0xA3, 0x78, 0x9C, 0x63, 0xB8, 0xA4, 0xCF, 0x00, 0x04, 0x7F, 0xE5, 0x19, 0x18, 0x26,
    0xFD, 0x07, 0x31, 0x1B, 0xFE, 0xB3, 0x33, 0x30, 0xFC, 0x07, 0x33, 0x3F, 0xDD, 0x07, 0x12, 0xB9,
    0xDF, 0x41, 0xCC, 0xDF, 0xFE, 0x20, 0x55, 0x20, 0x66, 0xC0, 0x7F, 0x2E, 0x18, 0xF3, 0xC1, 0x7F,
    0x46, 0x18, 0xF3, 0x47, 0x3D, 0x03, 0x94, 0xA9, 0xF0, 0x9F, 0x17, 0xC6, 0xDC, 0xF0, 0x9F, 0x99,
    0xE1, 0xCB, 0x7F, 0x26, 0x10, 0xF3, 0xEB, 0x7A, 0xA0, 0x1D, 0x40, 0x26, 0x10, 0xFC, 0x93, 0x67,
    0x28, 0x78, 0x0F, 0x66, 0x36, 0xFC, 0x67, 0x63, 0xF8, 0x54, 0x07, 0x66, 0x7E, 0x3A, 0xCF, 0x20,
    0xF0, 0x2F, 0x05, 0xCC, 0xFC, 0x63, 0xCF, 0x70, 0x20, 0x3F, 0x01, 0xC4, 0x0C, 0xF8, 0xCF, 0xC9,
    0xF0, 0xF5, 0xFF, 0xFF, 0xFF, 0xFD, 0x0C, 0x0C, 0x0F, 0xDF, 0x33, 0x32, 0x7C, 0x83, 0x30, 0x7F,
    0xE6, 0x83, 0x4C, 0x01, 0x29, 0x30, 0xF8, 0xCF, 0x03, 0x65, 0x02, 0x00, 0x4F, 0x1C, 0x41, 0x4B,
    0x78, 0x9C, 0x63, 0xB8, 0xA4, 0xCF, 0x00, 0x04, 0x7F, 0xE5, 0x19, 0x18, 0x26, 0xFD, 0x07, 0x31,
    0x1B, 0xFE, 0xB3, 0x33, 0x30, 0xFC, 0x07, 0x33, 0x3F, 0xDD, 0x07, 0x12, 0xB9, 0xDF, 0x41, 0xCC,
    0xDF, 0xFE, 0x20, 0x55, 0x20, 0x66, 0xC0, 0x7F, 0x2E, 0x18, 0xF3, 0xC1, 0x7F, 0x46, 0x18, 0xF3,
    0x47, 0x3D, 0x03, 0x94, 0xA9, 0xF0, 0x9F, 0x17, 0xC6, 0xDC, 0xF0, 0x9F, 0x79, 0xE2, 0xDF, 0x75,
    0x8C, 0x20, 0xE6, 0xD7, 0xF5, 0x0C, 0x5F, 0xFE, 0x43, 0x64, 0xFE, 0xC9, 0x33, 0x94, 0x30, 0xFD,
    0xF2, 0x07, 0x5B, 0xC5, 0x06, 0x24, 0x7F, 0x80, 0x98, 0x9F, 0xCE, 0x03, 0x09, 0x87, 0xFF, 0x3C,
    0x40, 0xF2, 0x8F, 0x3D, 0x48, 0xF7, 0x7D, 0x26, 0x90, 0x55, 0x9C, 0x0C, 0x0C, 0x0B, 0xFE, 0xCB,
    0x00, 0xF9, 0x0F, 0xDF, 0x03, 0xAD, 0xFA, 0x3E, 0x1F, 0xA4, 0xFF, 0x67, 0x3E, 0x48, 0xD1, 0xFF,
    0xFF, 0xFD, 0x0C, 0x06, 0x60, 0xF5, 0xFF, 0x80, 0x4C, 0x00, 0x53, 0xBA, 0x3D, 0x89, 0x78, 0x9C,
    0x6B, 0xF8, 0xBB, 0x8F, 0x99, 0x81, 0x81, 0xE1, 0xD3, 0x79, 0x20, 0xF1, 0xF1, 0xFF, 0x7F, 0x79,
    0x20, 0xF5, 0xC7, 0x1E, 0x48, 0x2C, 0x64, 0xFA, 0x1E, 0xCF, 0xC0, 0x10, 0xF0, 0x9F, 0x93, 0x01,
    0x04, 0x7E, 0xE8, 0x33, 0x30, 0x3C, 0x7C, 0xCF, 0x08, 0x64, 0x25, 0xFC, 0x7F, 0xCF, 0xC2, 0xC0,
    0xF0, 0x33, 0x9F, 0x01, 0xCC, 0xFE, 0xAF, 0xCB, 0x60, 0xF0, 0x9F, 0x07, 0xAC, 0x84, 0xE1, 0xCB,
    0x7A, 0x86, 0x03, 0xFF, 0x41, 0x66, 0x31, 0x94, 0x32, 0x7D, 0x5E, 0xCF, 0xF0, 0x6D, 0x3E, 0x58,
    0xF4, 0xDB, 0xFF, 0xFF, 0xF6, 0x02, 0xFF, 0xF8, 0x18, 0x36, 0x00, 0x95, 0x2D, 0xFA, 0xB7, 0x96,
    0x69, 0xC2, 0x7F, 0x56, 0x86, 0x2F, 0x50, 0x2D, 0x9F, 0x81, 0x96, 0xFE, 0xFD, 0x07, 0x61, 0xFF,
    0xD1, 0x67, 0x68, 0xE8, 0xFF, 0xCB, 0x03, 0x31, 0x96, 0x83, 0xE1, 0x1B, 0x0F, 0x84, 0xFD, 0xF1,
    0x3D, 0x83, 0xC3, 0x7D, 0x46, 0x08, 0xFB, 0x57, 0x3C, 0xD0, 0x02, 0x20, 0x00, 0x3A, 0xC3, 0xE0,
    0x3F, 0x37, 0x9C, 0x7D, 0xE1, 0x3F, 0x13, 0x48, 0x16, 0xAC, 0xE6, 0x7B, 0x3F, 0x03, 0x94, 0x0D,
    0x00, 0x9B, 0x6E, 0x49, 0x0E, 0x78, 0x9C, 0x63, 0x60, 0x78, 0xDA, 0xC7, 0x00, 0x04, 0xFF, 0xFF,
    0xB3, 0xC0, 0xC9, 0xA7, 0xFD, 0x0C, 0x70, 0xF0, 0xE9, 0x3F, 0x88, 0xFC, 0xF8, 0x9F, 0x09, 0x48,
    0x7E, 0x07, 0xB1, 0x03, 0xFE, 0xEF, 0x07, 0x33, 0xE5, 0x40, 0xCC, 0xFB, 0x40, 0xE1, 0x07, 0xFF,
    0xF5, 0x81, 0x02, 0x9F, 0xFF, 0x73, 0x02, 0xC9, 0xAF, 0x40, 0xD2, 0x80, 0xE5, 0xCB, 0x7F, 0x3B,
    0x85, 0x9F, 0xAC, 0x0F, 0xFE, 0x03, 0x01, 0xAB, 0x03, 0x98, 0x64, 0x98, 0xF4, 0xF7, 0xBE, 0x17,
    0x03, 0x00, 0x22, 0x18, 0x28, 0x7A, 0x78, 0x9C, 0x75, 0x8E, 0x5B, 0x0D, 0x02, 0x41, 0x0C, 0x45,
    0x2F, 0x7C, 0xC0, 0x12, 0x1E, 0x59, 0x07, 0xE0, 0x00, 0x09, 0x83, 0x13, 0xD6, 0x01, 0x12, 0xC0,
    0x01, 0x16, 0x90, 0x40, 0x30, 0x80, 0x04, 0x40, 0xC1, 0x26, 0x6B, 0x00, 0x08, 0xE1, 0x3D, 0x99,
    0x43, 0x67, 0xE6, 0x9B, 0x9B, 0xB4, 0x3D, 0x4D, 0x93, 0x7B, 0x2B, 0x9D, 0xE8, 0x28, 0xA9, 0x0C,
    0x2E, 0x83, 0x9A, 0x73, 0x2B, 0xC3, 0x24, 0x0C, 0xF4, 0x47, 0x1F, 0xE6, 0x19, 0x60, 0x9F, 0x66,
    0x05, 0x24, 0xD8, 0xE2, 0xB3, 0xE5, 0x95, 0x07, 0xFD, 0x08, 0x4F, 0x76, 0x8C, 0x23, 0xF8, 0xBA,
    0x62, 0x11, 0x7D, 0x59, 0x97, 0x1C, 0x0C, 0x56, 0x38, 0x79, 0x2C, 0xED, 0xC8, 0x48, 0x2F, 0xBA,
    0xD2, 0x8D, 0x9E, 0x95, 0xC5, 0xBE, 0x89, 0x9A, 0x4A, 0x21, 0xC1, 0x52, 0xB3, 0x34, 0xA9, 0xB5,
    0xB1, 0x25, 0xE6, 0xB6, 0x2F, 0xF1, 0x6C, 0x9F, 0x14, 0x77, 0x86, 0x06, 0xD6, 0xBF, 0x14, 0x29,
    0xD8, 0xFD, 0x00, 0x78, 0x6D, 0x50, 0xDF, 0x78, 0x9C, 0x75, 0x8E, 0xEB, 0x0D, 0x01, 0x61, 0x10,
    0x45, 0xAF, 0x47, 0x58, 0xF1, 0xC8, 0x76, 0x40, 0x07, 0x4A, 0x58, 0x1D, 0x28, 0xC1, 0x76, 0xA0,
    0x04, 0x3A, 0xD0, 0x82, 0x12, 0x44, 0x03, 0x4A, 0xB0, 0x1D, 0x6C, 0x0B, 0x44, 0xB0, 0xF8, 0xB2,
    0xC7, 0xCC, 0x67, 0xFF, 0xBA, 0xC9, 0xCC, 0x3D, 0x93, 0xC9, 0xE4, 0x8E, 0x24, 0xDD, 0xE8, 0xC8,
    0x95, 0xD6, 0xCB, 0xE8, 0x3A, 0xD0, 0xFD, 0x41, 0xB5, 0xD2, 0x3F, 0xBD, 0x69, 0x76, 0x70, 0x8A,
    0x9E, 0x03, 0xCD, 0x75, 0xA0, 0xE7, 0x70, 0xE5, 0xC1, 0xD0, 0xE1, 0xC9, 0x91, 0xA9, 0x43, 0x28,
    0x73, 0xD6, 0xE6, 0x33, 0x76, 0x29, 0x67, 0x83, 0x2D, 0x99, 0x02, 0x2D, 0xA9, 0x60, 0xA2, 0x8A,
    0xBE, 0x3F, 0x33, 0xB0, 0x1A, 0x49, 0x2F, 0x5C, 0x73, 0xA9, 0x8E, 0xB0, 0xD1, 0x22, 0x3A, 0xA5,
    0xF6, 0x36, 0x78, 0x6E, 0xFB, 0xE2, 0x6B, 0xFB, 0x24, 0xB9, 0x33, 0x36, 0xB0, 0xFE, 0x21, 0x89,
    0xC1, 0xD9, 0x17, 0xA3, 0x7C, 0x51, 0x1C, 0x78, 0x9C, 0x6D, 0x8E, 0x5B, 0x0D, 0xC2, 0x40, 0x10,
    0x45, 0x2F, 0xFD, 0x80, 0xF2, 0x0C, 0x0E, 0xC0, 0x01, 0x12, 0x8A, 0x03, 0x24, 0x50, 0x07, 0x48,
    0x00, 0x07, 0x24, 0x28, 0x40, 0x02, 0xC1, 0x00, 0x12, 0xA8, 0x83, 0x4A, 0xE0, 0xFD, 0xDE, 0xF4,
    0x30, 0x3B, 0xFC, 0x72, 0x93, 0xD9, 0x7B, 0x26, 0xBB, 0xC9, 0x59, 0x49, 0x67, 0x5A, 0xF2, 0x84,
    0x6A, 0xEA, 0xBD, 0x38, 0xAC, 0x48, 0x22, 0x5C, 0x27, 0x0A, 0x1D, 0xFD, 0xCF, 0x9B, 0xDF, 0x63,
    0xC1, 0xCE, 0x3B, 0x07, 0x1C, 0x36, 0x04, 0xEA, 0x11, 0x4E, 0xDC, 0x69, 0x47, 0x78, 0xB0, 0x65,
    0xE0, 0x86, 0x32, 0x67, 0x66, 0x3D, 0x64, 0xD9, 0x67, 0x1F, 0x55, 0x64, 0x0A, 0xD4, 0xA4, 0x82,
    0x9E, 0x9E, 0x34, 0xA4, 0x0B, 0x4D, 0x1B, 0xB3, 0xBE, 0x88, 0x19, 0x49, 0x95, 0xC3, 0x5C, 0x63,
    0x6F, 0x4A, 0xAD, 0x6D, 0x89, 0xDE, 0xE4, 0x18, 0xAF, 0xED, 0x27, 0xE9, 0x8D, 0xAE, 0x81, 0x9D,
    0x1F, 0x52, 0x17, 0x67, 0x5F, 0x21, 0xDB, 0x54, 0x61, 0x78, 0x9C, 0x6D, 0x8E, 0x4D, 0x0E, 0x01,
    0x41, 0x14, 0x84, 0x0B, 0x09, 0x23, 0x7E, 0x62, 0x63, 0xCD, 0x0D, 0x1C, 0x61, 0xAC, 0x5D, 0xC2,
    0xDC, 0xC0, 0x11, 0xCC, 0x0D, 0x5C, 0xC1, 0x11, 0xC4, 0x05, 0xC4, 0x09, 0xC6, 0xCE, 0x72, 0x6E,
    0x20, 0x44, 0xC6, 0x6F, 0xC7, 0xE7, 0xF5, 0xB3, 0x55, 0x49, 0xBF, 0xFA, 0x3A, 0x2F, 0xDD, 0x55,
    0x52, 0x7E, 0x9A, 0xED, 0x47, 0x32, 0x55, 0x40, 0x2F, 0xC2, 0x73, 0x78, 0x2C, 0x1A, 0xFA, 0xAF,
    0x17, 0xF3, 0x1F, 0xC0, 0xCE, 0x3D, 0xB3, 0x57, 0x0E, 0x1B, 0x02, 0xCD, 0x08, 0x17, 0x6E, 0x74,
    0x22, 0xDC, 0xD9, 0xE2, 0x3F, 0x87, 0x32, 0x63, 0x61, 0x3E, 0x66, 0x35, 0xA0, 0x30, 0xC8, 0x49,
    0x15, 0xA8, 0x49, 0x07, 0xFA, 0x7A, 0xD0, 0x92, 0xAE, 0xB4, 0xED, 0x74, 0x2D, 0x9C, 0xA8, 0x89,
    0xF4, 0x71, 0x58, 0x6A, 0xEA, 0x4E, 0xA9, 0xB5, 0x5D, 0x62, 0x6E, 0xFD, 0x1C, 0xD7, 0xD6, 0x24,
    0xA9, 0xBC, 0xAF, 0xCD, 0x37, 0x89, 0x07, 0xA7, 0x5F, 0xBD, 0xFF, 0x54, 0x0E, 0x78, 0x9C, 0x6D,
    0x8E, 0xDB, 0x0D, 0x01, 0x61, 0x10, 0x85, 0x0F, 0x0F, 0xAC, 0x2C, 0xA2, 0x00, 0x09, 0x1D, 0x28,
    0x61, 0xB7, 0x12, 0xB6, 0x03, 0x25, 0xD0, 0x81, 0x16, 0x94, 0x20, 0x1A, 0x50, 0xC2, 0xEA, 0x60,
    0xDF, 0x3C, 0x93, 0x8D, 0xEB, 0xFE, 0xF1, 0x99, 0xF9, 0x25, 0x9E, 0x9C, 0x64, 0xE6, 0x7C, 0x73,
    0x49, 0x66, 0xA4, 0xD3, 0x5C, 0xCD, 0x58, 0xA6, 0x77, 0x99, 0xB3, 0x70, 0xF8, 0x75, 0xFE, 0xE8,
    0xF5, 0x5D, 0x91, 0xE0, 0x10, 0xBD, 0x00, 0x22, 0xEC, 0x08, 0x74, 0x1C, 0x2E, 0xDC, 0x48, 0x1D,
    0xEE, 0xEC, 0x99, 0x38, 0x84, 0xAA, 0x60, 0x69, 0x3E, 0x65, 0x33, 0xA2, 0x34, 0x58, 0x93, 0x29,
    0xD0, 0x92, 0x8E, 0x0C, 0xF5, 0xA0, 0x2B, 0xD5, 0xF4, 0x2C, 0xFA, 0xD2, 0x13, 0xD7, 0xCC, 0xDE,
    0x89, 0xB0, 0x52, 0x1E, 0x9D, 0x4A, 0x5B, 0x2B, 0xFC, 0x6E, 0xFB, 0xEC, 0x63, 0xFB, 0x24, 0xB9,
    0x32, 0x30, 0xB0, 0xDC, 0x90, 0xC4, 0xC3, 0xD9, 0x07, 0xD9, 0xF8, 0x52, 0xE1, 0x78, 0x9C, 0x25,
    0x8D, 0xED, 0x0D, 0x01, 0x61, 0x10, 0x84, 0x87, 0x84, 0xBC, 0x11, 0x42, 0x07, 0xAE, 0x03, 0xD7,
    0x01, 0x1D, 0xD0, 0x81, 0x12, 0x5C, 0x07, 0x4A, 0xA0, 0x03, 0x3A, 0x90, 0x68, 0xE0, 0x7E, 0x28,
    0x80, 0x0E, 0xAE, 0x84, 0x23, 0x17, 0x72, 0xF1, 0x71, 0x8F, 0x7D, 0xF7, 0xE6, 0xC7, 0xCE, 0xB3,
    0xD9, 0x9D, 0x8C, 0xA4, 0x73, 0x19, 0xE4, 0xFA, 0xB1, 0x73, 0x4F, 0xF3, 0xB4, 0x70, 0x48, 0xF2,
    0xF4, 0xDA, 0x9E, 0xBE, 0x6C, 0x5A, 0x68, 0x38, 0xB9, 0xAF, 0x00, 0x87, 0x23, 0x0D, 0xBD, 0x08,
    0x0F, 0x6A, 0x06, 0x11, 0x5E, 0x5C, 0x18, 0x7B, 0xA8, 0xCC, 0x58, 0x9B, 0x4F, 0x38, 0x24, 0xE4,
    0x06, 0x19, 0x4B, 0x2B, 0xE9, 0x48, 0x37, 0x7B, 0xA8, 0xE9, 0x4B, 0x95, 0x45, 0x2A, 0x86, 0xB2,
    0x2D, 0x6A, 0x1A, 0x0B, 0xA2, 0xB6, 0x5A, 0xB8, 0x53, 0x68, 0x6F, 0x8B, 0x04, 0xDD, 0x3B, 0x33,
    0x83, 0x37, 0xE1, 0xC9, 0xC8, 0xC0, 0xE6, 0x87, 0xE0, 0xC5, 0xF3, 0x3F, 0x50, 0xC7, 0x52, 0xA4,
    0x78, 0x9C, 0x4D, 0xCE, 0x41, 0x0D, 0x80, 0x30, 0x10, 0x04, 0xC0, 0x4D, 0xFA, 0x23, 0x04, 0x24,
    0x20, 0x01, 0x09, 0x20, 0xA1, 0x0E, 0xA8, 0x13, 0xA4, 0x60, 0x05, 0x07, 0x54, 0x42, 0x1D, 0xF0,
    0x6A, 0x5F, 0x94, 0x85, 0x5C, 0xB8, 0xD2, 0x7D, 0xCD, 0x63, 0x73, 0x7B, 0x00, 0xE0, 0x28, 0x99,
    0x5E, 0x22, 0x54, 0x4E, 0x95, 0xEF, 0x33, 0xB0, 0x87, 0xC4, 0x71, 0x2D, 0xF6, 0x1C, 0x8A, 0x13,
    0x9B, 0xE2, 0x4C, 0x23, 0x97, 0x5A, 0xC0, 0xF2, 0x80, 0xDA, 0x73, 0x29, 0x8E, 0xEC, 0xA0, 0xFD,
    0x2C, 0x43, 0x62, 0xCB, 0xDF, 0xBE, 0x72, 0xE4, 0x08, 0xED, 0x5F, 0x6C, 0xBE, 0x4F, 0xB7, 0x99,
    0x34, 0xEA, 0xFD, 0x5D, 0x52, 0x3F, 0x82, 0x56, 0x6B, 0xD4, 0x78, 0x9C, 0x63, 0x60, 0x60, 0x58,
    0xFA, 0xF7, 0xFD, 0x5A, 0x16, 0x06, 0x86, 0xCB, 0xFF, 0x81, 0x80, 0x83, 0x21, 0xE0, 0x3F, 0x84,
    0xFE, 0xF2, 0xFF, 0xBE, 0xA8, 0xC0, 0x64, 0x76, 0x86, 0xBF, 0xFF, 0xB9, 0x19, 0x80, 0x20, 0xE1,
    0xFF, 0x7B, 0x46, 0x10, 0xBD, 0xE1, 0x7F, 0x3D, 0x88, 0x62, 0x78, 0xF0, 0xDF, 0x1E, 0x4C, 0x7F,
    0xF8, 0x2F, 0x0F, 0xA6, 0x3F, 0x42, 0xE9, 0x0F, 0xFF, 0xF5, 0xA1, 0xF2, 0xF9, 0x60, 0x7A, 0xC1,
    0xFF, 0xFB, 0x60, 0xDA, 0xE0, 0xFF, 0x7F, 0x4E, 0x30, 0xE3, 0xF7, 0xFF, 0xF3, 0x22, 0x0A, 0x53,
    0xD8, 0x19, 0x2E, 0x42, 0xED, 0x61, 0xF8, 0x05, 0xA5, 0x0D, 0x4E, 0xFC, 0x7B, 0xDF, 0xC3, 0x04,
    0x52, 0xF2, 0x1F, 0x4C, 0x02, 0xE9, 0x79, 0x10, 0x3A, 0xE1, 0x3F, 0x0B, 0x98, 0x2E, 0xF8, 0xCF,
    0x0A, 0xA2, 0x1A, 0xFE, 0xFF, 0x07, 0x3B, 0xA5, 0xE1, 0xBD, 0x35, 0x03, 0x03, 0x00, 0x70, 0xBD,
    0x42, 0x59, 0x78, 0x9C, 0xDB, 0xF0, 0x9F, 0x93, 0x01, 0x08, 0xFE, 0xC4, 0x83, 0xC8, 0x03, 0xFF,
    0x99, 0x81, 0xA4, 0xC0, 0x5F, 0x39, 0x06, 0x14, 0xF0, 0x1F, 0x04, 0x18, 0x51, 0x49, 0x88, 0x38,
    0x26, 0xF9, 0xFF, 0xFF, 0x7A, 0x34, 0x12, 0x97, 0x4A, 0xB8, 0xC9, 0x1C, 0xC8, 0x24, 0x00, 0xA5,
    0xD6, 0x43, 0xED, 0x78, 0x9C, 0x63, 0x60, 0x48, 0xF8, 0x2F, 0xCB, 0xC0, 0xC0, 0xF0, 0xF9, 0x3E,
    0x23, 0x03, 0x83, 0xC0, 0x3F, 0x3D, 0x20, 0xF3, 0xC0, 0x7B, 0x26, 0x06, 0x14, 0xF0, 0x1F, 0x04,
    0x18, 0x51, 0x49, 0x88, 0x38, 0x26, 0xF9, 0xFF, 0xFF, 0x7A, 0x34, 0x12, 0x97, 0x4A, 0xB8, 0xC9,
    0x1C, 0xC8, 0x24, 0x00, 0xBB, 0xA6, 0x44, 0x29, 0x78, 0x9C, 0x63, 0xB8, 0xF0, 0x9F, 0x97, 0x81,
    0x81, 0xE1, 0xE7, 0xBF, 0xF9, 0x0C, 0x0C, 0x01, 0xFF, 0x53, 0xFE, 0xB3, 0x30, 0x3C, 0xEC, 0x67,
    0xF8, 0x29, 0xC7, 0x80, 0x0C, 0xFE, 0x83, 0x00, 0x23, 0x2A, 0x09, 0x11, 0xC7, 0x24, 0xFF, 0xFF,
    0x5F, 0x8F, 0x46, 0xE2, 0x52, 0x09, 0x37, 0x99, 0x03, 0x99, 0x04, 0x00, 0x84, 0x83, 0x47, 0x9C,
    0x78, 0x9C, 0xBB, 0xB4, 0x9E, 0xE1, 0x99, 0x1F, 0xC3, 0x8F, 0xFF, 0x4C, 0xFF, 0xF6, 0x33, 0x5C,
    0x02, 0xB3, 0x91, 0xC1, 0x7F, 0x10, 0x60, 0x44, 0x25, 0x21, 0xE2, 0x98, 0xE4, 0xFF, 0xFF, 0xEB,
    0xD1, 0x48, 0x5C, 0x2A, 0xE1, 0x26, 0x73, 0x20, 0x93, 0x00, 0x24, 0x79, 0x47, 0x0D, 0x78, 0x9C,
    0x5B, 0xF0, 0x9F, 0x9B, 0x81, 0xE1, 0x57, 0x3F, 0x03, 0xC3, 0x86, 0xFF, 0xAC, 0x0C, 0x0C, 0xBF,
    0xF5, 0x19, 0x60, 0xE0, 0xC3, 0x7F, 0x7E, 0x6A, 0x60, 0x00, 0x37, 0xC2, 0x29, 0xEE, 0x78, 0x9C,
    0x63, 0xB8, 0xF0, 0x9F, 0x9D, 0xE1, 0x57, 0x3F, 0x43, 0xC1, 0x7F, 0x0E, 0x86, 0x2F, 0xF3, 0x19,
    0xE0, 0xE0, 0xC3, 0x7F, 0x7E, 0xAA, 0x60, 0x00, 0x7B, 0x5E, 0x2A, 0x46, 0x78, 0x9C, 0x63, 0x38,
    0xF0, 0x9F, 0x97, 0x81, 0xE1, 0xC7, 0xFF, 0xF5, 0x0C, 0x0E, 0xFF, 0x43, 0xFF, 0xB3, 0x3E, 0x9C,
    0xCF, 0xF0, 0x43, 0x9F, 0x01, 0x01, 0x3E, 0xFC, 0xE7, 0xA7, 0x0D, 0x01, 0x00, 0x9B, 0x96, 0x2D,
    0x8E, 0x78, 0x9C, 0xBB, 0xDC, 0xCF, 0xF0, 0xC3, 0xF6, 0xE7, 0x7F, 0x86, 0xFF, 0xEB, 0x2F, 0xCF,
    0x07, 0xB2, 0x18, 0x10, 0xE0, 0xC3, 0x7F, 0x7E, 0xDA, 0x10, 0x00, 0x32, 0x7F, 0x2C, 0xC1, 0x78,
    0x9C, 0x63, 0xF8, 0xFF, 0xFF, 0xFF, 0xFB, 0xB9, 0xAC, 0x0C, 0x0C, 0x0C, 0xFF, 0x41, 0xE0, 0x3D,
    0x2B, 0x94, 0xF1, 0xBF, 0x1E, 0xC4, 0x60, 0x30, 0xF8, 0xF1, 0xFF, 0x3F, 0x33, 0x88, 0xC1, 0x60,
    0xF0, 0xFF, 0x3F, 0x37, 0x98, 0xC1, 0xF0, 0xED, 0xBF, 0x3C, 0x84, 0xF1, 0xE1, 0x7F, 0x3C, 0x48,
    0xA5, 0x3F, 0xC3, 0x86, 0xFF, 0xF5, 0x10, 0xC6, 0x82, 0xFF, 0xFD, 0x30, 0x46, 0x3D, 0x44, 0xCD,
    0x81, 0xFF, 0xF9, 0x10, 0xC6, 0xC7, 0xFF, 0xFA, 0x10, 0xC6, 0x8F, 0xFF, 0x7C, 0x60, 0x86, 0xC3,
    0xFF, 0xFF, 0x6C, 0x60, 0x2B, 0x7E, 0xFE, 0x3F, 0x0F, 0xB3, 0x54, 0x16, 0xCA, 0x98, 0x0F, 0x71,
    0xCF, 0xFB, 0x1E, 0x26, 0x06, 0x06, 0x00, 0xB0, 0xF9, 0x5B, 0xBC, 0x78, 0x9C, 0x65, 0xCC, 0xBB,
    0x11, 0x40, 0x50, 0x14, 0x84, 0xE1, 0x0D, 0x0C, 0xC3, 0x8C, 0x58, 0xA6, 0x05, 0x25, 0xA0, 0x13,
    0x25, 0x28, 0x41, 0x07, 0x4A, 0x50, 0x82, 0x12, 0xCC, 0x68, 0xE0, 0x96, 0x70, 0x49, 0x85, 0x48,
    0xBC, 0x66, 0x71, 0x9C, 0xCC, 0x06, 0xFF, 0x97, 0x2D, 0xD0, 0xDB, 0x68, 0x0D, 0x00, 0x9C, 0x24,
    0xDD, 0x47, 0x9B, 0x4F, 0x0D, 0x7E, 0x23, 0xFD, 0xB7, 0x86, 0x4C, 0x55, 0xAB, 0xD2, 0x53, 0x13,
    0xD1, 0xB2, 0x13, 0xBB, 0xED, 0x79, 0x7B, 0x1D, 0x18, 0x8B, 0x19, 0x5B, 0x11, 0x3B, 0x1D, 0x71,
    0x64, 0x28, 0x16, 0xAC, 0x45, 0x1C, 0xFC, 0x9C, 0xD5, 0x52, 0xC5, 0xA5, 0x2E, 0x6A, 0x45, 0x73,
    0x03, 0x8C, 0x2E, 0x63, 0x3B, 0x78, 0x9C, 0x63, 0x60, 0x70, 0xF8, 0xAF, 0xCF, 0x00, 0x05, 0x5F,
    0xEF, 0xC3, 0x58, 0x01, 0xFF, 0xB9, 0x60, 0xCC, 0x6F, 0xF5, 0x0C, 0x38, 0x81, 0xC0, 0xF1, 0x7F,
    0xF7, 0x34, 0xC0, 0xAC, 0xEF, 0xFF, 0x81, 0x80, 0x13, 0xC8, 0x98, 0x00, 0x62, 0xFC, 0xDF, 0x0F,
    0xD2, 0xF8, 0x7F, 0x3E, 0x53, 0xD3, 0xFF, 0xFF, 0x1C, 0x0C, 0x02, 0xFF, 0xFF, 0xB3, 0x81, 0xB8,
    0xF2, 0x0C, 0x05, 0xFF, 0xCF, 0x03, 0x25, 0x0E, 0xFC, 0xEF, 0x07, 0xE2, 0x7C, 0x20, 0x2B, 0x01,
    0xC8, 0xFF, 0x00, 0xB6, 0xDF, 0xE0, 0xFF, 0x7F, 0x20, 0x4B, 0x1E, 0xC8, 0x52, 0x00, 0xB2, 0x3E,
    0x82, 0x59, 0x02, 0x60, 0x31, 0x88, 0xEC, 0x7B, 0x86, 0x0B, 0xFF, 0xE3, 0xC1, 0x3A, 0xF6, 0x03,
    0xAD, 0x80, 0x98, 0x52, 0x0F, 0x52, 0x0B, 0x36, 0x99, 0x9F, 0x81, 0xE1, 0xE7, 0xFF, 0x7E, 0x90,
    0x6D, 0x40, 0xEE, 0x06, 0xB0, 0x0B, 0xE6, 0x83, 0x5C, 0xF5, 0x13, 0xC4, 0x62, 0x07, 0xB1, 0x14,
    0x4E, 0xFC, 0x3B, 0x27, 0x0E, 0xA4, 0x01, 0x32, 0x3B, 0x57, 0x61, 0x78, 0x9C, 0x63, 0x60, 0x60,
    0x60, 0x70, 0xF8, 0xAF, 0xC7, 0x00, 0x01, 0x8F, 0xDE, 0x33, 0x43, 0x59, 0x7F, 0xED, 0xA1, 0x8C,
    0x05, 0xFF, 0x61, 0x42, 0x58, 0x80, 0xC0, 0xF1, 0x7F, 0xF7, 0x34, 0xC0, 0xAC, 0xEF, 0xFF, 0x81,
    0x80, 0x13, 0xC8, 0x98, 0x00, 0x62, 0xFC, 0xDF, 0x0F, 0x64, 0x7D, 0xFB, 0x3F, 0x9F, 0xA9, 0xE9,
    0xFF, 0x7F, 0x0E, 0x06, 0x81, 0xFF, 0xFF, 0xD9, 0x40, 0x5C, 0x79, 0x86, 0x82, 0xFF, 0xE7, 0x81,
    0x12, 0x07, 0xFE, 0xF7, 0x03, 0x71, 0x3E, 0x90, 0x95, 0x00, 0xE4, 0x7F, 0xF8, 0xAF, 0x0F, 0x64,
    0x19, 0xFC, 0xFF, 0x0F, 0x64, 0xC9, 0x03, 0x59, 0x0A, 0x40, 0xD6, 0x47, 0x30, 0x4B, 0x00, 0x2C,
    0x06, 0x91, 0x7D, 0xCF, 0x70, 0xE1, 0x7F, 0x3C, 0x58, 0xC7, 0x7E, 0xA0, 0x15, 0x10, 0x53, 0xEA,
    0x41, 0x6A, 0xC1, 0x26, 0xF3, 0x33, 0x30, 0xFC, 0xFC, 0xDF, 0x0F, 0xB2, 0x0D, 0xC8, 0xDD, 0x00,
    0x76, 0xC1, 0x7C, 0x90, 0xAB, 0x7E, 0x82, 0x58, 0xEC, 0x20, 0x96, 0xC2, 0x89, 0x7F, 0xE7, 0xC4,
    0x81, 0x34, 0x00, 0x38, 0xE0, 0x57, 0x70, 0x78, 0x9C, 0x75, 0x8E, 0xBD, 0x0D, 0xC2, 0x40, 0x14,
    0x83, 0x2D, 0x22, 0xF1, 0x53, 0x91, 0x8E, 0x0A, 0x92, 0x92, 0x0E, 0x36, 0x82, 0x0D, 0x60, 0x03,
    0x24, 0x16, 0x08, 0x1B, 0x64, 0x04, 0xD8, 0x20, 0xE9, 0xA0, 0x22, 0xB0, 0x00, 0x12, 0x13, 0x04,
    0x1A, 0x50, 0x40, 0x8A, 0xF1, 0x7B, 0x57, 0xE3, 0xE6, 0xBE, 0x77, 0xEF, 0xCE, 0x36, 0x80, 0x39,
    0x33, 0x04, 0xDD, 0x6B, 0x46, 0x81, 0x3E, 0xE3, 0xEF, 0xC4, 0x61, 0xC9, 0xE8, 0xBA, 0xC7, 0x3F,
    0xC5, 0xC7, 0xF6, 0x36, 0x75, 0x7A, 0x53, 0x1A, 0x08, 0x76, 0x06, 0x2C, 0x44, 0x2F, 0xE6, 0x9D,
    0x2D, 0xD9, 0x47, 0x4C, 0x76, 0x6D, 0x4C, 0xB0, 0x66, 0xA5, 0x45, 0xA9, 0xC0, 0x92, 0x2B, 0x77,
    0xAF, 0xF0, 0xE0, 0x0C, 0x56, 0x82, 0xA2, 0x44, 0x94, 0x8A, 0x9E, 0x4E, 0xB1, 0xDF, 0x85, 0x6D,
    0x8D, 0x0B, 0x17, 0xFE, 0xA3, 0x50, 0x44, 0x70, 0xD9, 0xD8, 0x5B, 0x77, 0x1E, 0x02, 0x0D, 0x33,
    0x4B, 0xD3, 0x78, 0xF0, 0x06, 0xB9, 0xB5, 0x6A, 0x8C, 0x7A, 0x46, 0xE9, 0xA9, 0x3D, 0x8F, 0x74,
    0xFE, 0x00, 0x34, 0x17, 0x5A, 0xF3, 0x78, 0x9C, 0x63, 0x60, 0x60, 0xF8, 0x35, 0x4F, 0xF8, 0x1D,
    0x03, 0x08, 0x14, 0xFC, 0xFF, 0xFF, 0x7F, 0x3F, 0x98, 0xB5, 0xC1, 0xBE, 0xE9, 0xAF, 0x34, 0x03,
    0x2E, 0x20, 0x70, 0xFC, 0xDF, 0x3D, 0x0D, 0x30, 0xEB, 0x3B, 0x50, 0xC7, 0x7F, 0x4E, 0x20, 0x63,
    0x02, 0x88, 0x01, 0xD6, 0xFC, 0xED, 0xFF, 0x7C, 0xA6, 0xA6, 0xFF, 0xFF, 0x39, 0x18, 0x04, 0xFE,
    0xFF, 0x67, 0x03, 0x71, 0xE5, 0x81, 0xE6, 0x9E, 0x07, 0x4A, 0x1C, 0xF8, 0xDF, 0x0F, 0xC4, 0xF9,
    0x40, 0x56, 0x02, 0x90, 0xFF, 0xE1, 0xBF, 0x3E, 0x90, 0x65, 0xF0, 0xFF, 0x3F, 0x90, 0x25, 0x0F,
    0x64, 0x29, 0x00, 0x59, 0x1F, 0xC1, 0x2C, 0x01, 0xB0, 0x18, 0x44, 0xF6, 0x3D, 0xC3, 0x85, 0xFF,
    0xF1, 0x60, 0x1D, 0xFB, 0x81, 0x56, 0x40, 0x4C, 0xA9, 0x07, 0xA9, 0x05, 0x9B, 0xCC, 0xCF, 0xC0,
    0xF0, 0xF3, 0x7F, 0x3F, 0xC8, 0x36, 0x20, 0x77, 0x03, 0xD8, 0x05, 0xF3, 0x41, 0xAE, 0xFA, 0x09,
    0x62, 0xB1, 0x83, 0x58, 0x0A, 0x27, 0xFE, 0x9D, 0x13, 0x07, 0xD2, 0x00, 0xCB, 0x8F, 0x5A, 0x9F,
    0x78, 0x9C, 0x6D, 0x8E, 0xB1, 0x11, 0x82, 0x40, 0x10, 0x45, 0x57, 0x02, 0xD0, 0xC8, 0xCB, 0x0C,
    0x21, 0x34, 0xC3, 0x8E, 0xB4, 0x03, 0xED, 0xC0, 0x19, 0x1B, 0xC0, 0x0E, 0xA0, 0x04, 0x3A, 0xC0,
    0x4C, 0x22, 0x71, 0x34, 0x87, 0x12, 0x14, 0x03, 0x95, 0x84, 0xEF, 0xDF, 0xBD, 0xD4, 0x3F, 0x73,
    0x73, 0xEF, 0xFF, 0xBD, 0xDB, 0x5D, 0x91, 0xA2, 0x0B, 0xEE, 0xB9, 0xA8, 0x5E, 0x88, 0xBE, 0x98,
    0x28, 0x31, 0xBB, 0xF9, 0xEC, 0x9F, 0xDC, 0x79, 0x6C, 0x97, 0x46, 0x1F, 0x50, 0x33, 0xC2, 0x51,
    0x01, 0x15, 0xE9, 0x8D, 0x3C, 0x38, 0x00, 0x53, 0x71, 0x40, 0xA8, 0x36, 0x96, 0x1D, 0x1A, 0x16,
    0x4E, 0xC8, 0x78, 0xB6, 0xA4, 0x0D, 0xFD, 0x13, 0x29, 0x69, 0x05, 0x90, 0x62, 0x52, 0x42, 0xEA,
    0x8D, 0x9C, 0x65, 0xBE, 0xFA, 0x90, 0x2B, 0xD6, 0xF6, 0xA3, 0xE2, 0x08, 0xDF, 0x65, 0xAF, 0x6F,
    0xAD, 0xF3, 0x5C, 0x64, 0x40, 0xA6, 0xD3, 0x68, 0x4B, 0xDB, 0xC0, 0x96, 0x1E, 0x94, 0x22, 0xA5,
    0xA4, 0x1E, 0x2F, 0x0B, 0xDE, 0x3F, 0x3E, 0x1E, 0x5B, 0x26, 0x78, 0x9C, 0x0D, 0x8B, 0xB1, 0x0D,
    0x80, 0x30, 0x10, 0x03, 0x4F, 0x01, 0xC4, 0x36, 0x0C, 0x40, 0x01, 0x3D, 0x0D, 0x8C, 0x80, 0xC4,
    0x10, 0xA1, 0xFC, 0x82, 0x01, 0xB2, 0x69, 0x1A, 0x84, 0xD2, 0x19, 0x37, 0x27, 0xD9, 0x3E, 0x33,
    0x03, 0x99, 0xA2, 0x8E, 0x53, 0x43, 0x68, 0xE1, 0x53, 0x4F, 0xAB, 0x97, 0x76, 0x08, 0xC9, 0x3D,
    0x34, 0xAD, 0x26, 0xAF, 0x26, 0xF3, 0x90, 0x6A, 0xC2, 0xDA, 0xE3, 0x18, 0xD6, 0x5A, 0x4D, 0xC5,
    0x9F, 0xD0, 0xC8, 0xE6, 0xFD, 0xE6, 0x07, 0x8A, 0x79, 0x21, 0x44, 0x78, 0x9C, 0x1D, 0x8E, 0x4D,
    0x0E, 0xC1, 0x60, 0x18, 0x84, 0x9F, 0xFA, 0x6D, 0xA2, 0xA1, 0x3B, 0x4B, 0xDD, 0x4A, 0x04, 0x07,
    0x70, 0x07, 0x6E, 0xC0, 0x11, 0xA4, 0x17, 0xA8, 0x1B, 0x70, 0x03, 0x6E, 0xC0, 0x0D, 0xD8, 0xB1,
    0xF2, 0x73, 0x82, 0x1E, 0xA1, 0xA4, 0x09, 0xEA, 0xE7, 0x1B, 0x5F, 0xCD, 0xEA, 0x99, 0xBC, 0x79,
    0x67, 0x06, 0xFC, 0xBD, 0x89, 0xDB, 0x93, 0x1A, 0xF0, 0x90, 0xD5, 0x7B, 0x0C, 0x0B, 0xFD, 0x55,
    0x86, 0xBB, 0xA2, 0x42, 0x68, 0xE4, 0xE2, 0x4B, 0x25, 0x02, 0xA3, 0x16, 0x53, 0x2D, 0xE1, 0x92,
    0x68, 0xCE, 0x4E, 0x3D, 0xF8, 0x0C, 0x74, 0xE2, 0xAA, 0x3A, 0xAB, 0xD8, 0x91, 0x2C, 0x79, 0x3C,
    0xBB, 0x7C, 0xC5, 0x4D, 0xDE, 0x48, 0xC5, 0x9C, 0xEC, 0x35, 0xB5, 0xA9, 0x26, 0xE1, 0xAC, 0xA1,
    0x71, 0x09, 0xB4, 0xCD, 0x2B, 0xD6, 0x30, 0x53, 0x64, 0x9D, 0x7D, 0x21, 0x55, 0x03, 0x32, 0x45,
    0x4E, 0x28, 0x55, 0xE0, 0xF5, 0x1F, 0x60, 0x8B, 0x36, 0x49, 0x96, 0x53, 0x15, 0xFA, 0x9D, 0xE0,
    0xA0, 0x63, 0xD3, 0xEE, 0xFC, 0x01, 0xE0, 0xC8, 0x5C, 0x7B, 0x78, 0x9C, 0x63, 0x10, 0xF8, 0x5B,
    0xCF, 0x00, 0x06, 0x17, 0xFF, 0xB3, 0x80, 0x69, 0x81, 0xBF, 0x72, 0x10, 0x81, 0x47, 0xE7, 0x19,
    0x30, 0xC1, 0xE7, 0xFF, 0x3C, 0x0C, 0x0C, 0x0B, 0xFE, 0xFB, 0x53, 0x8B, 0xFE, 0x04, 0xA1, 0xED,
    0xC1, 0xF4, 0x86, 0xFF, 0xFA, 0x1F, 0xFE, 0xF3, 0x33, 0x30, 0x5C, 0xF8, 0xCF, 0x7F, 0xE0, 0x7F,
    0x3C, 0xD8, 0xB2, 0x84, 0xFF, 0xFF, 0x59, 0x1D, 0xFE, 0xFD, 0x67, 0x63, 0xF8, 0xF3, 0x1F, 0x08,
    0x80, 0x2E, 0x3A, 0x08, 0xA2, 0x65, 0x80, 0x2E, 0xD9, 0xFA, 0xEF, 0x7D, 0x14, 0x03, 0x03, 0x00,
    0xA8, 0x9C, 0x4F, 0x65, 0x78, 0x9C, 0x63, 0x60, 0x60, 0x60, 0xF8, 0x71, 0x9E, 0x01, 0x04, 0x02,
    0xFE, 0xF3, 0x80, 0xE9, 0x4F, 0xF7, 0x19, 0x41, 0x94, 0xC0, 0x5F, 0x59, 0x06, 0x4C, 0xF0, 0x19,
    0xA4, 0x68, 0xC1, 0x7F, 0x7F, 0x6A, 0xD1, 0x9F, 0x20, 0xB4, 0x3D, 0x98, 0xDE, 0xF0, 0x5F, 0xFF,
    0xC3, 0x7F, 0x7E, 0x06, 0x86, 0x0B, 0xFF, 0xF9, 0x0F, 0xFC, 0x8F, 0x07, 0x5B, 0x96, 0xF0, 0xFF,
    0x3F, 0xAB, 0xC3, 0xBF, 0xFF, 0x6C, 0x0C, 0x7F, 0xFE, 0x03, 0x01, 0xD0, 0xA1, 0x07, 0x41, 0xB4,
    0x0C, 0xD0, 0x25, 0x5B, 0xFF, 0xBD, 0x8F, 0x62, 0x60, 0x00, 0x00, 0x92, 0xCE, 0x4F, 0x47, 0x78,
    0x9C, 0x63, 0x60, 0x60, 0xF8, 0x7B, 0x9F, 0x01, 0x04, 0x26, 0xFC, 0xFF, 0xCF, 0x09, 0xA2, 0xBF,
    0xC4, 0x7F, 0x8D, 0x07, 0x52, 0x02, 0xFF, 0x38, 0x1A, 0xFE, 0x33, 0x32, 0xA0, 0x83, 0xCF, 0xFF,
    0x79, 0x18, 0x18, 0x16, 0xFC, 0xF7, 0xA7, 0x16, 0xFD, 0x09, 0x42, 0xDB, 0x83, 0xE9, 0x0D, 0xFF,
    0xF5, 0x3F, 0xFC, 0xE7, 0x67, 0x60, 0xB8, 0xF0, 0x9F, 0xFF, 0xC0, 0xFF, 0x78, 0xB0, 0x65, 0x09,
    0xFF, 0xFF, 0xB3, 0x3A, 0xFC, 0xFB, 0xCF, 0xC6, 0xF0, 0xE7, 0x3F, 0x10, 0x9C, 0x67, 0x60, 0x38,
    0x08, 0xA2, 0x65, 0x80, 0x2E, 0xD9, 0xFA, 0xEF, 0x7D, 0x14, 0x03, 0x03, 0x00, 0xFD, 0x7F, 0x52,
    0xD9, 0x78, 0x9C, 0x63, 0x30, 0xF8, 0xCB, 0x59, 0x70, 0x9F, 0x85, 0x81, 0x61, 0xC2, 0x7F, 0xFE,
    0x0F, 0xFF, 0xB9, 0x18, 0x18, 0x40, 0xFC, 0xF7, 0x40, 0x3E, 0x1A, 0xF8, 0xFC, 0x9F, 0x87, 0x81,
    0x61, 0xC1, 0x7F, 0x7F, 0x6A, 0xD1, 0x9F, 0x20, 0xB4, 0x3D, 0x98, 0xDE, 0xF0, 0x5F, 0xFF, 0xC3,
    0x7F, 0x7E, 0x06, 0x86, 0x0B, 0xFF, 0xF9, 0x0F, 0xFC, 0x8F, 0x07, 0x5B, 0x96, 0xF0, 0xFF, 0x3F,
    0xAB, 0xC3, 0xBF, 0xFF, 0x6C, 0x0C, 0x7F, 0xFE, 0x03, 0xC1, 0x79, 0x06, 0x86, 0x83, 0x20, 0x5A,
    0x06, 0xE8, 0x92, 0xAD, 0xFF, 0xDE, 0x47, 0x31, 0x30, 0x00, 0x00, 0x38, 0xFF, 0x51, 0xE2, 0x78,
    0x9C, 0x63, 0x60, 0x60, 0x38, 0xF0, 0x9F, 0x83, 0x01, 0x04, 0x7E, 0xCE, 0x07, 0x53, 0x09, 0xFF,
    0xB9, 0xC0, 0xF4, 0xE7, 0xF5, 0x0C, 0x48, 0xE0, 0xCF, 0x7F, 0x6E, 0xA0, 0xD0, 0x7F, 0xBE, 0x2F,
    0xFF, 0xF5, 0x81, 0x2A, 0xFF, 0xB3, 0x1F, 0xF8, 0xDF, 0xCF, 0x20, 0xF0, 0xFF, 0x3D, 0x43, 0x00,
    0x10, 0x17, 0xFC, 0xAF, 0x67, 0x60, 0xF8, 0xFB, 0x9F, 0xED, 0xC1, 0x7F, 0x3E, 0x06, 0x86, 0x6F,
    0xFF, 0x79, 0xBE, 0xFC, 0x67, 0x67, 0x60, 0x78, 0xF0, 0xDF, 0xFE, 0xF7, 0x7F, 0x46, 0x06, 0xA0,
    0xE4, 0x7A, 0xA0, 0x52, 0x20, 0xF8, 0xF7, 0xFF, 0xBF, 0x3C, 0x88, 0xFE, 0xFE, 0x1F, 0x62, 0xDF,
    0xC7, 0xFF, 0x20, 0x69, 0x06, 0x86, 0x86, 0xFF, 0x10, 0x7B, 0x0B, 0x20, 0xCA, 0x88, 0xA4, 0x01,
    0x9B, 0x1D, 0x3D, 0xD3, 0x78, 0x9C, 0xFB, 0xFF, 0x9F, 0x01, 0x04, 0xFE, 0xA3, 0x51, 0xFF, 0xDF,
    0xF7, 0x30, 0x82, 0xA8, 0xFF, 0xFF, 0xFD, 0x21, 0xD4, 0x7F, 0x26, 0xA0, 0x5C, 0xE1, 0xFF, 0xFF,
    0x1C, 0x20, 0x25, 0x3F, 0xFF, 0x73, 0x83, 0xA8, 0x6F, 0xFF, 0x79, 0x20, 0x3C, 0x2E, 0x88, 0x1C,
    0x2B, 0x58, 0xE1, 0x7E, 0x88, 0x06, 0x6E, 0x10, 0x75, 0xDF, 0x0B, 0xD3, 0x68, 0x64, 0x0A, 0x00,
    0x07, 0x89, 0x41, 0x7F, 0x78, 0x9C, 0x25, 0xCA, 0xA1, 0x11, 0xC2, 0x40, 0x14, 0x84, 0xE1, 0x8D,
    0x80, 0x23, 0x89, 0x89, 0x82, 0x12, 0xB0, 0x41, 0x12, 0x13, 0x19, 0x49, 0x1C, 0x96, 0x0E, 0xD2,
    0x03, 0x7D, 0xD0, 0x04, 0x0D, 0x50, 0x42, 0x34, 0x0E, 0x1B, 0x75, 0x82, 0xB9, 0xC7, 0xC0, 0x0C,
    0xF3, 0x73, 0x47, 0x9E, 0xF9, 0x66, 0x77, 0x9F, 0xEA, 0x3B, 0x97, 0x4C, 0x7A, 0x01, 0x07, 0xF5,
    0xA4, 0xCB, 0x1E, 0x0C, 0xF5, 0x17, 0xF7, 0xA4, 0x94, 0x51, 0x04, 0x56, 0x0A, 0xE4, 0x01, 0xA7,
    0x37, 0x0B, 0xC3, 0x9D, 0x19, 0x63, 0xBF, 0x85, 0xE2, 0x8F, 0xDF, 0xCF, 0x89, 0x3C, 0x6E, 0xBB,
    0x0F, 0x43, 0x44, 0x27, 0xC6, 0x84, 0x20, 0x51, 0xE1, 0x8D, 0x6E, 0x7D, 0xE5, 0x66, 0x1C, 0xE3,
    0x67, 0x3B, 0xB3, 0x34, 0x36, 0x93, 0x6F, 0xF4, 0x03, 0x15, 0x0D, 0x52, 0xE3, 0x78, 0x9C, 0x63,
    0x58, 0xF0, 0x9F, 0x8B, 0x01, 0x04, 0x7E, 0xD7, 0x83, 0xA9, 0x0D, 0xFF, 0x59, 0xC0, 0xF4, 0x1F,
    0x3D, 0x06, 0x74, 0xD0, 0xF4, 0xFA, 0x7F, 0x0E, 0x03, 0x83, 0xC0, 0x7F, 0x20, 0xE0, 0x86, 0x50,
    0xF5, 0x0C, 0x02, 0x39, 0xC2, 0x06, 0xFF, 0xCE, 0x03, 0x25, 0x05, 0x92, 0xFF, 0xFE, 0x67, 0x60,
    0xD8, 0x0C, 0x12, 0x65, 0x48, 0xF8, 0xFF, 0x7E, 0xF6, 0x9F, 0xFF, 0x0C, 0x1F, 0x80, 0x26, 0xFF,
    0xFA, 0xCF, 0xF0, 0x19, 0x68, 0x22, 0x50, 0xEE, 0xCB, 0x7F, 0xA9, 0x89, 0x40, 0xB9, 0x8F, 0x40,
    0x05, 0xFF, 0xFE, 0x33, 0x4C, 0xF8, 0xFF, 0x7F, 0x3F, 0x50, 0x8E, 0xE1, 0xC6, 0x7B, 0x0E, 0x20,
    0x05, 0x00, 0xCB, 0xA3, 0x3B, 0x82, 0x78, 0x9C, 0x63, 0x60, 0x60, 0x78, 0xF8, 0x9F, 0x8D, 0x01,
    0x08, 0x7E, 0xD7, 0x83, 0xC8, 0x86, 0xFF, 0xEC, 0x20, 0xEA, 0x6B, 0x3F, 0x03, 0x06, 0x68, 0x7A,
    0xFD, 0x3F, 0x87, 0x81, 0x41, 0xE0, 0x3F, 0x10, 0x70, 0x43, 0xA8, 0x7A, 0x06, 0x81, 0x1C, 0x61,
    0x83, 0x7F, 0xE7, 0x81, 0x92, 0x02, 0xC9, 0x7F, 0xFF, 0x33, 0x30, 0x6C, 0x06, 0x89, 0x32, 0x24,
    0xFC, 0x7F, 0x3F, 0xFB, 0xCF, 0x7F, 0x86, 0x0F, 0xFF, 0xB9, 0x18, 0x7E, 0xFD, 0x67, 0xF8, 0xFC,
    0x9F, 0x85, 0x01, 0x28, 0xF7, 0xE5, 0xBF, 0xD4, 0x44, 0xA0, 0xDC, 0x47, 0xA0, 0x82, 0x7F, 0xFF,
    0x19, 0x26, 0xFC, 0xFF, 0xBF, 0x1F, 0x28, 0xC7, 0x70, 0xE3, 0x3D, 0x07, 0x90, 0x02, 0x00, 0xF8,
    0xB7, 0x3B, 0xEC, 0x78, 0x9C, 0x63, 0x60, 0xF8, 0xF4, 0x9F, 0x8B, 0x01, 0x08, 0xFE, 0xFC, 0x8B,
    0x07, 0x92, 0x0D, 0xEF, 0x27, 0xFD, 0x67, 0x62, 0x60, 0xF8, 0xE2, 0xCF, 0xF0, 0x87, 0x87, 0x01,
    0x0D, 0x34, 0xBD, 0xFE, 0x9F, 0xC3, 0xC0, 0x20, 0xF0, 0x1F, 0x08, 0xB8, 0x21, 0x54, 0x3D, 0x83,
    0x40, 0x8E, 0xB0, 0xC1, 0xBF, 0xF3, 0x40, 0x49, 0x81, 0xE4, 0xBF, 0xFF, 0x19, 0x18, 0x36, 0x83,
    0x44, 0x19, 0x12, 0xFE, 0xBF, 0x9F, 0xFD, 0xE7, 0x3F, 0xC3, 0x07, 0xA0, 0xC1, 0xBF, 0xFE, 0x33,
    0x7C, 0xFE, 0xCF, 0xC2, 0x00, 0x94, 0xFB, 0xF2, 0x5F, 0x6A, 0x22, 0x50, 0xEE, 0x23, 0x50, 0xC1,
    0xBF, 0xFF, 0x0C, 0x13, 0xFE, 0xFF, 0xDF, 0x0F, 0x94, 0x63, 0xB8, 0xF1, 0x9E, 0x03, 0x48, 0x01,
    0x00, 0x73, 0x3F, 0x3F, 0x23, 0x78, 0x9C, 0x63, 0x98, 0xF0, 0xCE, 0xF2, 0x22, 0x3F, 0x03, 0xC3,
    0xB7, 0xFF, 0xFF, 0xFF, 0xF3, 0x30, 0x30, 0xFC, 0x52, 0xB9, 0x71, 0x9E, 0x89, 0x01, 0x0D, 0x34,
    0xBD, 0xFE, 0x9F, 0xC3, 0xC0, 0x20, 0x00, 0x54, 0xF1, 0x9F, 0x1B, 0x42, 0xD5, 0x33, 0x08, 0xE4,
    0x08, 0x1B, 0xFC, 0x3B, 0x0F, 0x94, 0x14, 0x48, 0xFE, 0xFB, 0x9F, 0x81, 0x61, 0x33, 0x48, 0x94,
    0x21, 0xE1, 0xFF, 0xFB, 0xD9, 0x7F, 0xFE, 0x33, 0x7C, 0xF8, 0xCF, 0xC5, 0xF0, 0xEB, 0x3F, 0xC3,
    0xE7, 0xFF, 0x2C, 0x0C, 0x40, 0xB9, 0x2F, 0xFF, 0xA5, 0x26, 0x02, 0xE5, 0x3E, 0x02, 0x15, 0xFC,
    0xFB, 0xCF, 0x30, 0xE1, 0xFF, 0xFF, 0xFD, 0x40, 0x39, 0x86, 0x1B, 0xEF, 0x39, 0x80, 0x14, 0x00,
    0x37, 0xA0, 0x3E, 0xDF, 0x78, 0x9C, 0x63, 0x78, 0x9A, 0xC7, 0xF0, 0x4B, 0x86, 0x81, 0xE1, 0xCF,
    0x7D, 0x83, 0xFF, 0xF5, 0x0C, 0x0C, 0x50, 0x1E, 0x2A, 0x68, 0x7A, 0xFD, 0x3F, 0x87, 0x81, 0x41,
    0xE0, 0x3F, 0x10, 0x70, 0x43, 0xA8, 0x7A, 0x06, 0x81, 0x1C, 0x61, 0x83, 0x7F, 0xE7, 0x81, 0x92,
    0x02, 0xC9, 0x7F, 0xFF, 0x33, 0x30, 0x6C, 0x06, 0x89, 0x32, 0x24, 0xFC, 0x7F, 0x3F, 0xFB, 0xCF,
    0x7F, 0x86, 0x0F, 0xFF, 0xB9, 0x18, 0x7E, 0xFD, 0x67, 0xF8, 0xFC, 0x9F, 0x85, 0x01, 0x28, 0xF7,
    0xE5, 0xBF, 0xD4, 0x44, 0xA0, 0xDC, 0x47, 0xA0, 0x82, 0x7F, 0xFF, 0x19, 0x26, 0xFC, 0xFF, 0xBF,
    0x1F, 0x28, 0xC7, 0x70, 0xE3, 0x3D, 0x07, 0x90, 0x02, 0x00, 0xC2, 0xA7, 0x3D, 0xDD, 0x78, 0x9C,
    0x63, 0x60, 0x98, 0xF0, 0x4E, 0x8A, 0x01, 0x08, 0x7E, 0xFE, 0xDF, 0x0F, 0xA2, 0xDE, 0x2A, 0xBE,
    0x83, 0xF0, 0xD6, 0x83, 0xA8, 0x85, 0x10, 0x39, 0x08, 0x68, 0x7A, 0xFD, 0x3F, 0x87, 0x81, 0x41,
    0xE0, 0x3F, 0x10, 0x70, 0x43, 0xA8, 0x7A, 0x06, 0x81, 0x1C, 0x61, 0x83, 0x7F, 0xE7, 0x81, 0x92,
    0x02, 0xC9, 0x7F, 0xFF, 0x33, 0x30, 0x6C, 0x06, 0x89, 0x32, 0x24, 0xFC, 0x7F, 0x3F, 0xFB, 0xCF,
    0x7F, 0x86, 0x0F, 0xFF, 0xB9, 0x18, 0x7E, 0xFD, 0x67, 0xF8, 0xFC, 0x9F, 0x85, 0x01, 0x28, 0xF7,
    0xE5, 0xBF, 0xD4, 0x44, 0xA0, 0xDC, 0x47, 0xA0, 0x82, 0x7F, 0xFF, 0x19, 0x26, 0xFC, 0xFF, 0xBF,
    0x1F, 0x28, 0xC7, 0x70, 0xE3, 0x3D, 0x07, 0x90, 0x02, 0x00, 0xC5, 0xD9, 0x40, 0x1D, 0x78, 0x9C,
    0x63, 0x68, 0x7E, 0xF3, 0xDE, 0xDB, 0xE1, 0xF5, 0x7B, 0x6F, 0x06, 0x06, 0x81, 0xFF, 0x40, 0xF0,
    0x07, 0x88, 0xD9, 0x21, 0x4C, 0x10, 0xF0, 0x67, 0x10, 0xC8, 0x11, 0x0E, 0xF8, 0xFF, 0x5F, 0xC7,
    0xE1, 0xFF, 0x7E, 0x06, 0x20, 0x50, 0xFC, 0xF3, 0x9F, 0x91, 0xE1, 0xD7, 0x7B, 0x06, 0x86, 0x49,
    0x7F, 0xA1, 0x2A, 0x18, 0x80, 0xB2, 0xEF, 0xA1, 0xCC, 0x07, 0xFF, 0x6D, 0x18, 0x7E, 0xFD, 0x07,
    0xA9, 0x63, 0xF8, 0xFC, 0x9F, 0x85, 0xE1, 0xEF, 0x7F, 0x56, 0x10, 0xF3, 0xCB, 0x7F, 0xA9, 0x89,
    0xFF, 0xFF, 0xE7, 0x33, 0x26, 0xF1, 0x30, 0x7C, 0x04, 0xAA, 0xBA, 0x0F, 0x52, 0xCA, 0xCF, 0xD0,
    0x00, 0x24, 0x39, 0x7F, 0x81, 0x99, 0x0C, 0xC7, 0xFE, 0xC7, 0x30, 0x04, 0xBC, 0x7E, 0xDF, 0xC3,
    0xC4, 0x00, 0x00, 0xBF, 0x44, 0x53, 0x00, 0x78, 0x9C, 0x63, 0x60, 0x58, 0xF2, 0xEF, 0x3D, 0x17,
    0xC3, 0xC6, 0xFF, 0xFF, 0xFF, 0xCB, 0x33, 0xFC, 0x01, 0x91, 0x09, 0xFF, 0xFF, 0xAB, 0x1B, 0x48,
    0x1D, 0xF8, 0x9F, 0xCF, 0xC0, 0xC0, 0xF0, 0xE1, 0x3F, 0x3F, 0x90, 0xFC, 0xF8, 0x9F, 0x17, 0x4C,
    0x82, 0xD8, 0x0F, 0xFE, 0xC7, 0x03, 0xC9, 0x86, 0xFF, 0xFF, 0xC5, 0x0D, 0xA4, 0x04, 0xFE, 0x81,
    0x75, 0x5D, 0x02, 0x93, 0x0C, 0xC7, 0xFF, 0x9F, 0x67, 0x67, 0x60, 0x30, 0x78, 0x0F, 0x94, 0x66,
    0x30, 0xF8, 0x9F, 0x07, 0xA2, 0x16, 0xFC, 0x87, 0x90, 0x8C, 0x0C, 0x0C, 0x07, 0xFE, 0x9F, 0x07,
    0x32, 0x0F, 0xBC, 0x97, 0x64, 0x00, 0x00, 0xB1, 0x44, 0x2F, 0x9A, 0x78, 0x9C, 0x63, 0x48, 0xF8,
    0x2F, 0xCB, 0x00, 0x02, 0xDF, 0xF7, 0x83, 0xA9, 0x86, 0xFF, 0x1C, 0x60, 0xFA, 0x87, 0x3F, 0x03,
    0x06, 0x38, 0xF6, 0x7F, 0x2E, 0x13, 0x03, 0xC3, 0xC5, 0xFF, 0xFF, 0xFF, 0xC7, 0x33, 0x30, 0xFC,
    0x05, 0x52, 0xFF, 0x99, 0x0A, 0xFE, 0xAF, 0x67, 0xFC, 0xF6, 0x9F, 0xE3, 0xC2, 0x7F, 0x5E, 0x86,
    0x03, 0xFF, 0x79, 0x3E, 0x80, 0xC4, 0xFE, 0xF3, 0x7E, 0x84, 0x51, 0x3C, 0x20, 0x5D, 0x0F, 0xFE,
    0xEB, 0x83, 0xA8, 0x09, 0xFF, 0xEF, 0x8B, 0x28, 0x4C, 0x67, 0x50, 0x00, 0x49, 0x9D, 0x67, 0x60,
    0xF8, 0x02, 0xA1, 0x04, 0x6E, 0xFC, 0x3F, 0xA7, 0xC1, 0x00, 0x00, 0x35, 0x3C, 0x39, 0x0C, 0x78,
    0x9C, 0x63, 0x60, 0x60, 0x98, 0xF0, 0x9F, 0x9B, 0x01, 0x08, 0xBE, 0x9D, 0x07, 0x91, 0x06, 0xFF,
    0x79, 0x40, 0xD4, 0xC3, 0xFB, 0x8C, 0x0C, 0x18, 0xE0, 0xD8, 0xFF, 0xB9, 0x4C, 0x0C, 0x0C, 0x17,
    0xFF, 0xFF, 0xFF, 0x1F, 0xCF, 0xC0, 0xF0, 0x17, 0x48, 0xFD, 0x67, 0x2A, 0xF8, 0xBF, 0x9E, 0xF1,
    0xDB, 0x7F, 0x8E, 0x0B, 0xFF, 0x79, 0x19, 0x0E, 0xFC, 0xE7, 0xF9, 0x00, 0x12, 0xFB, 0xCF, 0xFB,
    0x11, 0x46, 0x81, 0x8D, 0x7A, 0xF0, 0x5F, 0x1F, 0x44, 0x4D, 0xF8, 0x7F, 0x5F, 0x44, 0x61, 0x3A,
    0x83, 0x02, 0x48, 0x0A, 0x68, 0xD3, 0x17, 0x08, 0x25, 0x70, 0xE3, 0xFF, 0x39, 0x0D, 0x06, 0x00,
    0x59, 0x70, 0x39, 0x67, 0x78, 0x9C, 0x63, 0x60, 0x58, 0xF0, 0x5F, 0x9E, 0x01, 0x08, 0xBE, 0xBD,
    0x3F, 0x0F, 0x24, 0x15, 0xFE, 0x9B, 0xFF, 0x67, 0x67, 0x60, 0xB8, 0xB0, 0x9F, 0xE1, 0xAB, 0x3D,
    0x03, 0x3A, 0x38, 0xF6, 0x7F, 0x2E, 0x13, 0x03, 0xC3, 0xC5, 0xFF, 0xFF, 0xFF, 0xC7, 0x33, 0x30,
    0xFC, 0x05, 0x52, 0xFF, 0x99, 0x0A, 0xFE, 0xAF, 0x67, 0xFC, 0xF6, 0x9F, 0xE3, 0xC2, 0x7F, 0x5E,
    0x86, 0x03, 0xFF, 0x79, 0x3E, 0x80, 0xC4, 0xFE, 0xF3, 0x7E, 0x84, 0x51, 0x3C, 0x20, 0x5D, 0x0F,
    0xFE, 0xEB, 0x83, 0xA8, 0x09, 0xFF, 0xEF, 0x8B, 0x28, 0x4C, 0x07, 0x5A, 0x00, 0x04, 0x40, 0x9B,
    0xBE, 0x40, 0x28, 0x81, 0x1B, 0xFF, 0xCF, 0x69, 0x30, 0x00, 0x00, 0xD2, 0x10, 0x3C, 0x9D, 0x78,
    0x9C, 0x63, 0xB8, 0x34, 0x9F, 0xE1, 0xBB, 0x1F, 0x03, 0xC3, 0x8F, 0xFF, 0x8C, 0xFF, 0xF7, 0x33,
    0x30, 0x40, 0x79, 0x68, 0xE0, 0xD8, 0xFF, 0xB9, 0x4C, 0x0C, 0x0C, 0x17, 0xFF, 0xFF, 0xFF, 0x1F,
    0xCF, 0xC0, 0xF0, 0x17, 0x48, 0xFD, 0x67, 0x2A, 0xF8, 0xBF, 0x9E, 0xF1, 0xDB, 0x7F, 0x8E, 0x0B,
    0xFF, 0x79, 0x19, 0x0E, 0xFC, 0xE7, 0xF9, 0x00, 0x12, 0xFB, 0xCF, 0xFB, 0x11, 0x46, 0xF1, 0x80,
    0x74, 0x3D, 0xF8, 0xAF, 0x0F, 0xA2, 0x26, 0xFC, 0xBF, 0x2F, 0xA2, 0x30, 0x9D, 0x41, 0x01, 0x24,
    0x75, 0x9E, 0x81, 0xE1, 0x0B, 0x84, 0x12, 0xB8, 0xF1, 0xFF, 0x9C, 0x06, 0x03, 0x00, 0x87, 0xCE,
    0x3C, 0x2E, 0x78, 0x9C, 0x3B, 0xF0, 0x9F, 0x83, 0x41, 0xE0, 0xAF, 0x3F, 0x03, 0xC3, 0xC5, 0xFF,
    0x4C, 0x40, 0x06, 0x2F, 0x03, 0x0C, 0x7C, 0xFB, 0xCF, 0x4E, 0x2A, 0x06, 0x00, 0x4E, 0xEF, 0x1F,
    0xDC, 0x78, 0x9C, 0x63, 0x08, 0xF8, 0x2F, 0xC7, 0xF0, 0xE9, 0x3D, 0x93, 0xC0, 0x5F, 0x3D, 0x86,
    0x0D, 0xFF, 0x99, 0x19, 0x60, 0x20, 0xE1, 0x7F, 0x3D, 0xC9, 0x18, 0x00, 0x3A, 0xDB, 0x1E, 0x84,
    0x78, 0x9C, 0x63, 0xF8, 0xF2, 0x9F, 0x9D, 0x41, 0xE0, 0xDF, 0x3F, 0x7B, 0x86, 0x05, 0xF7, 0x37,
    0xDE, 0x67, 0xF8, 0xA6, 0x2F, 0xF0, 0x97, 0x8B, 0x01, 0x01, 0xBE, 0x01, 0x65, 0x29, 0x21, 0x00,
    0x91, 0xFD, 0x23, 0x5D, 0x78, 0x9C, 0x6B, 0xB8, 0xCF, 0x7C, 0x70, 0x3F, 0xC3, 0x87, 0xFF, 0x5C,
    0xDF, 0xFE, 0xB3, 0x34, 0xBC, 0x67, 0x01, 0xB2, 0x51, 0x40, 0xC2, 0xFF, 0x7A, 0xEA, 0x91, 0x00,
    0x9A, 0xB7, 0x22, 0x0E, 0x78, 0x9C, 0x63, 0x78, 0xFA, 0x5F, 0x27, 0xA0, 0x9A, 0x81, 0x41, 0xE0,
    0xD7, 0xFB, 0x7F, 0xF7, 0x19, 0x18, 0x14, 0x7E, 0xFC, 0xBF, 0xCF, 0xC2, 0xC0, 0xF0, 0xED, 0xFF,
    0x9F, 0xFF, 0xEC, 0x0C, 0x0C, 0x17, 0x34, 0x02, 0xFE, 0xE7, 0x33, 0x80, 0xC0, 0xCF, 0xFF, 0x4C,
    0x0C, 0x02, 0x37, 0xEF, 0xFF, 0xFC, 0xCF, 0xCD, 0xF0, 0xF8, 0x3F, 0x10, 0xE8, 0x0B, 0xFC, 0x03,
    0x51, 0xF5, 0x0D, 0xFF, 0xEF, 0x33, 0x3F, 0xF9, 0xBF, 0xFF, 0xC1, 0x7F, 0x7B, 0x86, 0x80, 0xFF,
    0xEF, 0x3F, 0xFC, 0xE7, 0x63, 0x10, 0xF8, 0xFF, 0xFE, 0xE3, 0x7F, 0x5E, 0x06, 0x06, 0x18, 0xEF,
    0xFC, 0x05, 0xA0, 0x5C, 0xC1, 0xFF, 0x7E, 0x90, 0xCA, 0xAF, 0x30, 0x7D, 0xEC, 0x60, 0x53, 0xFA,
    0x81, 0xD6, 0x1E, 0xFF, 0xBF, 0x8E, 0x99, 0x01, 0x00, 0x9F, 0x29, 0x4A, 0x6C, 0x78, 0x9C, 0x63,
    0x58, 0xF0, 0xDE, 0xF2, 0x21, 0x1F, 0x03, 0xC3, 0xF7, 0xFF, 0xFF, 0xFF, 0x73, 0x31, 0x30, 0xFC,
    0x56, 0xBA, 0xB1, 0x9F, 0x91, 0x01, 0x15, 0x7C, 0xFB, 0xCF, 0x7E, 0xE3, 0x3D, 0x27, 0x90, 0x3A,
    0xF1, 0xFF, 0xFF, 0x79, 0x20, 0x05, 0x02, 0x2C, 0xDF, 0xFE, 0xD7, 0x2B, 0xFE, 0xFD, 0xCF, 0xF1,
    0xED, 0x3F, 0x0F, 0xC3, 0xD7, 0xFF, 0x5C, 0xDF, 0xFE, 0x73, 0x30, 0x7C, 0xFE, 0xCF, 0x0D, 0x54,
    0xC9, 0xF0, 0x89, 0x14, 0x0A, 0x00, 0xDB, 0x1C, 0x41, 0x10, 0x78, 0x9C, 0x63, 0x60, 0xF8, 0xBD,
    0x9E, 0x01, 0x0C, 0x36, 0xFC, 0x67, 0x83, 0x30, 0xFE, 0xD8, 0x43, 0xE8, 0x03, 0xEF, 0x19, 0x19,
    0xB0, 0x80, 0xAD, 0xFF, 0xEE, 0x4B, 0x00, 0xA9, 0x43, 0xFF, 0x81, 0x80, 0x95, 0x81, 0xE1, 0x2F,
    0x88, 0xF6, 0x67, 0x28, 0xF8, 0xFF, 0x9E, 0x65, 0xD1, 0xFF, 0xFB, 0x0C, 0x17, 0xFE, 0x03, 0x75,
    0xFF, 0xFB, 0xCF, 0xF4, 0xE1, 0x3F, 0x1F, 0x03, 0xC3, 0xAF, 0xFF, 0xAC, 0x1F, 0xFF, 0xF3, 0x32,
    0x30, 0xFC, 0xF8, 0xCF, 0x06, 0xE5, 0xB3, 0x40, 0xE5, 0x19, 0x1B, 0xFE, 0xDF, 0x07, 0xAA, 0xDF,
    0xCF, 0x20, 0xF0, 0x0F, 0xA4, 0x1F, 0x28, 0x76, 0x09, 0x48, 0xBD, 0x67, 0x01, 0x1A, 0xBC, 0xED,
    0xDF, 0x39, 0x71, 0x06, 0x06, 0x00, 0xC5, 0xEA, 0x3D, 0x50, 0x78, 0x9C, 0x63, 0x60, 0x60, 0x10,
    0xF8, 0x17, 0xCF, 0x00, 0x02, 0x07, 0xFE, 0xB3, 0x81, 0xE9, 0x9F, 0xF9, 0x60, 0x2A, 0xE1, 0x3F,
    0x3B, 0x03, 0x36, 0xB0, 0xF5, 0xDF, 0x7D, 0x09, 0x20, 0x75, 0xE8, 0x3F, 0x10, 0xB0, 0x32, 0x30,
    0xFC, 0x05, 0xD1, 0xFE, 0x0C, 0x05, 0xFF, 0xDF, 0xB3, 0x2C, 0xFA, 0x7F, 0x9F, 0xE1, 0xC2, 0x7F,
    0x7B, 0x06, 0x86, 0x7F, 0xFF, 0x99, 0x3E, 0xFC, 0xE7, 0x63, 0x60, 0xF8, 0xF5, 0x9F, 0xF5, 0xE3,
    0x7F, 0x5E, 0x06, 0x86, 0x1F, 0xFF, 0xD9, 0xA0, 0x7C, 0x16, 0xA8, 0x3C, 0x63, 0xC3, 0xFF, 0xFB,
    0x40, 0xF5, 0xFB, 0x81, 0x96, 0x83, 0xF4, 0x03, 0xC5, 0x2E, 0x01, 0xA9, 0xF7, 0x2C, 0x40, 0x83,
    0xB7, 0xFD, 0x3B, 0x27, 0xCE, 0xC0, 0x00, 0x00, 0x9B, 0x26, 0x3D, 0x06, 0x78, 0x9C, 0x63, 0x60,
    0x30, 0xF8, 0xDF, 0xCF, 0x00, 0x02, 0x17, 0xDE, 0xFF, 0x67, 0x01, 0xD1, 0xBF, 0xE4, 0x7E, 0xCB,
    0x01, 0xA9, 0x80, 0xFF, 0xCC, 0x17, 0xF6, 0x33, 0x60, 0x01, 0x5B, 0xFF, 0xDD, 0x97, 0x00, 0x52,
    0x87, 0xFE, 0x03, 0x01, 0x2B, 0x03, 0xC3, 0x5F, 0x10, 0xED, 0xCF, 0x50, 0xF0, 0xFF, 0x3D, 0xCB,
    0xA2, 0xFF, 0xF7, 0x19, 0x2E, 0xFC, 0xB7, 0x67, 0x60, 0xF8, 0xF7, 0x9F, 0xE9, 0xC3, 0x7F, 0x3E,
    0xA0, 0x51, 0xFF, 0x59, 0x3F, 0xFE, 0xE7, 0x65, 0x60, 0xF8, 0xF1, 0x9F, 0x0D, 0xCA, 0x67, 0x81,
    0xCA, 0x33, 0x36, 0xFC, 0xBF, 0x0F, 0x54, 0xBF, 0x9F, 0x41, 0xE0, 0x1F, 0x48, 0x3F, 0x50, 0xEC,
    0x12, 0x90, 0x7A, 0x0F, 0x72, 0xC0, 0xB6, 0x7F, 0xE7, 0xC4, 0x19, 0x18, 0x00, 0x78, 0x99, 0x40,
    0x98, 0x78, 0x9C, 0x63, 0x60, 0xF8, 0x39, 0x4F, 0xF8, 0x1F, 0x03, 0x03, 0x43, 0xC1, 0xFF, 0xFF,
    0xFF, 0xF7, 0x03, 0xE9, 0x0D, 0xF6, 0x4D, 0x7F, 0x65, 0x18, 0xB0, 0x80, 0xAD, 0xFF, 0xEE, 0x4B,
    0x00, 0xA9, 0x43, 0x40, 0x75, 0xFF, 0x59, 0x19, 0x18, 0xFE, 0x82, 0x68, 0x7F, 0xA0, 0xB6, 0xF7,
    0x2C, 0x8B, 0xFE, 0xDF, 0x67, 0xB8, 0xF0, 0xDF, 0x9E, 0x81, 0xE1, 0xDF, 0x7F, 0xA6, 0x0F, 0xFF,
    0xF9, 0x18, 0x18, 0x7E, 0xFD, 0x67, 0xFD, 0xF8, 0x9F, 0x97, 0x81, 0xE1, 0xC7, 0x7F, 0x36, 0x28,
    0x9F, 0x05, 0x2A, 0xCF, 0xD8, 0xF0, 0xFF, 0x3E, 0x50, 0xFD, 0x7E, 0x06, 0x81, 0x7F, 0x20, 0xFD,
    0x40, 0xB1, 0x4B, 0x40, 0xEA, 0x3D, 0x0B, 0xD0, 0xE0, 0x6D, 0xFF, 0xCE, 0x89, 0x33, 0x30, 0x00,
    0x00, 0x43, 0xCD, 0x40, 0x64, 0x78, 0x9C, 0x63, 0x28, 0x78, 0xCF, 0xB2, 0x71, 0x3F, 0x03, 0x03,
    0xC3, 0x83, 0xFF, 0xDC, 0x5F, 0xFF, 0xB3, 0x32, 0x30, 0x00, 0xF9, 0x1B, 0x40, 0x7C, 0x0C, 0xB0,
    0xF5, 0xDF, 0x7D, 0x09, 0x20, 0x75, 0xE8, 0x3F, 0x10, 0x00, 0xD5, 0xFD, 0x05, 0xD1, 0xFE, 0x0C,
    0x05, 0xFF, 0xDF, 0xB3, 0x2C, 0xFA, 0x7F, 0x9F, 0xE1, 0xC2, 0x7F, 0x7B, 0x06, 0x86, 0x7F, 0xFF,
    0x99, 0x3E, 0xFC, 0xE7, 0x63, 0x60, 0xF8, 0xF5, 0x9F, 0xF5, 0xE3, 0x7F, 0x5E, 0x06, 0x86, 0x1F,
    0xFF, 0xD9, 0xA0, 0x7C, 0x16, 0xA8, 0x3C, 0x63, 0xC3, 0xFF, 0xFB, 0x40, 0xF5, 0xFB, 0x19, 0x04,
    0xFE, 0x81, 0xF4, 0x03, 0xC5, 0x2E, 0x01, 0xA9, 0xF7, 0x2C, 0x40, 0x83, 0xB7, 0xFD, 0x3B, 0x27,
    0xCE, 0xC0, 0x00, 0x00, 0x58, 0xFF, 0x40, 0x8E, 0x78, 0x9C, 0x63, 0x60, 0x70, 0xB8, 0xC7, 0xCC,
    0x00, 0x04, 0x1B, 0xFE, 0x73, 0x80, 0xA8, 0x00, 0x08, 0x0F, 0x19, 0x7C, 0xFC, 0x0F, 0x02, 0x3C,
    0x50, 0x0A, 0x5D, 0x16, 0x0A, 0x02, 0xEE, 0x31, 0x81, 0xA8, 0x03, 0xFF, 0xD9, 0xE1, 0x3C, 0x00,
    0xCB, 0x60, 0x14, 0x20, 0x78, 0x9C, 0x63, 0x60, 0x00, 0x81, 0xCD, 0x8C, 0x0C, 0x0C, 0x5B, 0xFF,
    0x9D, 0x33, 0xFF, 0xC7, 0xCE, 0x70, 0xF0, 0x3F, 0x10, 0xAC, 0x67, 0x60, 0xF8, 0x0B, 0xA2, 0xED,
    0x19, 0x0A, 0xFE, 0xEF, 0x67, 0x7E, 0xF4, 0xFF, 0x3C, 0xC3, 0x85, 0xFF, 0x7C, 0x0C, 0xBF, 0xFF,
    0xFF, 0x67, 0xFA, 0xF0, 0x9F, 0xEB, 0xE0, 0xFB, 0x9F, 0xFF, 0x59, 0x3F, 0xFE, 0x97, 0xFC, 0xAB,
    0xFB, 0xE5, 0x3F, 0xDB, 0x87, 0xFF, 0x6F, 0xEF, 0x33, 0x7E, 0xFB, 0xCF, 0x7A, 0xE1, 0xFF, 0x7F,
    0x1E, 0x86, 0x5F, 0xFF, 0x19, 0x1B, 0xFE, 0xFF, 0x67, 0x6E, 0x02, 0xAA, 0x67, 0xF8, 0x0F, 0xD1,
    0xDF, 0x00, 0xA6, 0x59, 0x18, 0xBE, 0xD8, 0x1F, 0xFB, 0x77, 0x4E, 0x82, 0x81, 0x61, 0x02, 0x2B,
    0xD8, 0x42, 0x06, 0x00, 0xBC, 0x6F, 0x42, 0x27, 0x78, 0x9C, 0x63, 0xF8, 0x71, 0x9E, 0x01, 0x04,
    0x26, 0xFC, 0xE7, 0x04, 0xD3, 0xBF, 0xF2, 0xC1, 0xD4, 0x82, 0xFF, 0xCC, 0x0C, 0x68, 0xE0, 0xE7,
    0x7F, 0x16, 0x86, 0xAF, 0xFF, 0x39, 0x48, 0xA3, 0xBE, 0xFD, 0xE7, 0xF8, 0xF1, 0x9F, 0x1D, 0xA8,
    0x97, 0xE3, 0xDB, 0x7F, 0xBB, 0x80, 0xFF, 0xFF, 0x39, 0x3E, 0xFD, 0x07, 0x01, 0x8E, 0x09, 0xFF,
    0xFF, 0xBF, 0xFF, 0xFE, 0x9F, 0x83, 0xE1, 0xFA, 0x7B, 0x49, 0xA0, 0x4A, 0x00, 0xA7, 0x8F, 0x3D,
    0xFE, 0x78, 0x9C, 0x63, 0x60, 0x60, 0xB8, 0xF0, 0x9F, 0x9D, 0x01, 0x08, 0x7E, 0xD5, 0x83, 0xC8,
    0x82, 0xFF, 0x1C, 0x20, 0xEA, 0xCB, 0x7C, 0x06, 0x74, 0xF0, 0xF3, 0x3F, 0x0B, 0xC3, 0xD7, 0xFF,
    0x1C, 0xA4, 0x51, 0xDF, 0xFE, 0x73, 0xFC, 0x00, 0x1A, 0xFF, 0xF3, 0x3F, 0xC7, 0xB7, 0xFF, 0x76,
    0x01, 0xFF, 0xFF, 0x73, 0x7C, 0xFA, 0x0F, 0x02, 0x1C, 0x13, 0xFE, 0xFF, 0x7F, 0xFF, 0x1D, 0x68,
    0xD5, 0xF5, 0xF7, 0x92, 0x40, 0x95, 0x00, 0x99, 0x98, 0x3D, 0xED, 0x78, 0x9C, 0x63, 0x60, 0xF8,
    0xF6, 0x9F, 0x95, 0x81, 0x81, 0x41, 0xE1, 0xFF, 0x3F, 0x39, 0x20, 0x75, 0x61, 0xFF, 0xC5, 0xF3,
    0x40, 0xEA, 0xA7, 0x9C, 0xC2, 0x7F, 0x76, 0x06, 0x54, 0xF0, 0xF3, 0x3F, 0x0B, 0xC3, 0xD7, 0xFF,
    0x1C, 0xA4, 0x51, 0xDF, 0xFE, 0x73, 0xFC, 0x00, 0x9A, 0xF4, 0xF3, 0x3F, 0xC7, 0xB7, 0xFF, 0x76,
    0x01, 0xFF, 0xFF, 0x73, 0x7C, 0xFA, 0x0F, 0x02, 0x1C, 0x13, 0xFE, 0xFF, 0x7F, 0xFF, 0xFD, 0x3F,
    0x07, 0xC3, 0xF5, 0xF7, 0x92, 0x40, 0x95, 0x00, 0x1D, 0xCB, 0x41, 0x35, 0x78, 0x9C, 0x63, 0xF8,
    0xA9, 0xAB, 0xF0, 0x97, 0x93, 0x41, 0xE0, 0x7F, 0x7F, 0xC3, 0x7F, 0x7D, 0x06, 0x06, 0x08, 0x0F,
    0x15, 0xFC, 0xFC, 0xCF, 0xC2, 0xF0, 0xF5, 0x3F, 0x07, 0x69, 0xD4, 0xB7, 0xFF, 0x1C, 0x3F, 0xFE,
    0xB3, 0x03, 0xF5, 0x72, 0x7C, 0xFB, 0x6F, 0x17, 0xF0, 0xFF, 0x3F, 0xC7, 0xA7, 0xFF, 0x20, 0xC0,
    0x31, 0xE1, 0xFF, 0xFF, 0xF7, 0xDF, 0xFF, 0x73, 0x30, 0x5C, 0x7F, 0x2F, 0x09, 0x54, 0x09, 0x00,
    0x37, 0x4E, 0x3F, 0x78, 0x78, 0x9C, 0x6D, 0xCE, 0x5B, 0x0D, 0xC2, 0x50, 0x10, 0x84, 0xE1, 0x09,
    0x4D, 0x93, 0x26, 0x5C, 0x82, 0x83, 0x22, 0x01, 0x07, 0xE0, 0x00, 0x1C, 0x80, 0x83, 0xD6, 0x01,
    0x48, 0xA8, 0x03, 0x70, 0x50, 0x09, 0x95, 0x00, 0x12, 0x4E, 0x15, 0xF4, 0x81, 0x6B, 0x28, 0xC9,
    0xCF, 0xD9, 0xED, 0x2B, 0xF3, 0xF2, 0x65, 0x93, 0xC9, 0xEE, 0x4A, 0x3A, 0x33, 0x96, 0xE5, 0xD5,
    0x38, 0x6B, 0x26, 0x6E, 0x7B, 0xD1, 0x9F, 0x5C, 0xD9, 0xC5, 0x26, 0x69, 0x49, 0x2D, 0xF5, 0x68,
    0x4E, 0x27, 0x71, 0x92, 0x3E, 0x24, 0x5B, 0x36, 0xD2, 0x9D, 0xAC, 0x62, 0x26, 0x05, 0xA6, 0x81,
    0x4C, 0x2A, 0xC9, 0x6F, 0x8C, 0x14, 0x8B, 0xC5, 0xDB, 0x37, 0xF6, 0xF5, 0xF7, 0x60, 0x3E, 0x3A,
    0x72, 0x33, 0x30, 0xDC, 0x3F, 0x42, 0x6A, 0x2E, 0xC0, 0x2F, 0x2D, 0x6D, 0x6B, 0x4C, 0xC5, 0xCA,
    0x7D, 0xFA, 0x5F, 0x7B, 0x20, 0x19, 0x2C, 0xE4, 0x36, 0x36, 0xEA, 0x07, 0xCF, 0xE1, 0x3F, 0xA1,
    0x78, 0x9C, 0x8D, 0xCD, 0xB1, 0x0D, 0x40, 0x50, 0x18, 0xC4, 0xF1, 0x2F, 0x0A, 0x4F, 0x82, 0x88,
    0x11, 0xB4, 0x16, 0x50, 0x5A, 0xC1, 0x06, 0x8C, 0x60, 0x03, 0x23, 0x18, 0x81, 0x0D, 0x8C, 0x42,
    0x69, 0x0B, 0xDD, 0x25, 0xA2, 0xF8, 0x7B, 0x2F, 0x16, 0x70, 0xCD, 0xAF, 0xBA, 0x3B, 0xE1, 0xCC,
    0x47, 0xBF, 0x38, 0xAF, 0xDA, 0x73, 0xC2, 0x15, 0x89, 0x90, 0x4C, 0x6C, 0xA5, 0x68, 0x45, 0x6E,
    0x2B, 0x93, 0x48, 0x6C, 0x60, 0x11, 0xB1, 0x75, 0x01, 0x67, 0x23, 0xB3, 0x48, 0xED, 0xA0, 0x17,
    0x73, 0x75, 0x53, 0x7C, 0x3D, 0x27, 0x1E, 0xD8, 0xFC, 0x58, 0xF3, 0xEC, 0xF1, 0xCF, 0xF7, 0xC0,
    0x0B, 0x84, 0x7A, 0x54, 0xC9, 0x78, 0x9C, 0x5D, 0xCD, 0xED, 0x0D, 0xC1, 0x60, 0x14, 0xC5, 0xF1,
    0x13, 0x4D, 0x69, 0x82, 0xA6, 0x1B, 0xD4, 0x08, 0x36, 0x60, 0x03, 0xDD, 0x80, 0x0D, 0xDA, 0x0D,
    0x18, 0xA1, 0x1B, 0xB0, 0x41, 0x6D, 0x60, 0x04, 0x36, 0xD0, 0x09, 0x34, 0xF1, 0x1E, 0x15, 0x7F,
    0xCF, 0x7D, 0x7C, 0x73, 0x3E, 0xDC, 0x5F, 0xCE, 0x97, 0x73, 0x35, 0x3D, 0x75, 0x37, 0xC7, 0x8E,
    0xB4, 0x25, 0x3E, 0x13, 0x49, 0xD9, 0xA7, 0xE7, 0xFB, 0x5F, 0x0E, 0xCC, 0xA5, 0x07, 0x61, 0x41,
    0x25, 0xB5, 0x28, 0xA1, 0x91, 0x58, 0x4B, 0x2F, 0x82, 0x8C, 0x99, 0x74, 0x25, 0x2A, 0x89, 0xA5,
    0x9A, 0x61, 0x6D, 0x3B, 0x05, 0xE9, 0x05, 0xB7, 0x93, 0x90, 0x3F, 0xF7, 0xB6, 0xD0, 0x56, 0xEF,
    0xA5, 0x79, 0x6B, 0x48, 0xCD, 0x1A, 0xFA, 0xE6, 0x0A, 0x42, 0x73, 0x04, 0xFE, 0xD3, 0xD8, 0x56,
    0x5D, 0x4A, 0x26, 0xDE, 0x3B, 0x03, 0x77, 0x17, 0x40, 0xF0, 0x33, 0x97, 0x77, 0x67, 0x55, 0x5F,
    0xBF, 0x17, 0x42, 0x87, 0x78, 0x9C, 0x2D, 0x8E, 0xD1, 0x11, 0xC1, 0x50, 0x10, 0x45, 0x2F, 0x1F,
    0x11, 0x23, 0x8C, 0x0E, 0xE8, 0x40, 0x3A, 0x88, 0x0E, 0x94, 0x20, 0x1D, 0x28, 0x21, 0x3A, 0xD0,
    0x82, 0x12, 0x8C, 0x06, 0xE8, 0x40, 0x3A, 0x48, 0x0B, 0x8C, 0x41, 0x10, 0x8E, 0x7D, 0x1B, 0x77,
    0x66, 0xDF, 0x39, 0x3B, 0xEF, 0xE3, 0xAE, 0xA4, 0x17, 0x4B, 0x79, 0xE0, 0xE0, 0xCC, 0x01, 0x97,
    0x1D, 0x0D, 0x51, 0x90, 0x0B, 0x77, 0x06, 0x41, 0x1E, 0xEC, 0x99, 0x04, 0x69, 0xAA, 0x9C, 0x95,
    0x71, 0xCA, 0x66, 0xCC, 0xC9, 0x64, 0x4D, 0xA6, 0x86, 0x8E, 0x54, 0x32, 0x52, 0x4D, 0x4F, 0xBA,
    0xD2, 0xB7, 0x49, 0xA4, 0x27, 0x21, 0x33, 0xE9, 0xEB, 0x52, 0x68, 0xEE, 0xA4, 0xD2, 0xD6, 0x96,
    0xD0, 0xDB, 0x3D, 0x87, 0x6F, 0xBB, 0x24, 0xBE, 0x31, 0x34, 0xB1, 0xF7, 0x4D, 0xEC, 0xC5, 0x59,
    0x7B, 0x5B, 0x1D, 0xB5, 0xCC, 0x8B, 0x96, 0x2A, 0x17, 0x7F, 0x39, 0x5A, 0x9F, 0x27, 0xFD, 0x24,
    0xFA, 0x01, 0x45, 0xAB, 0x50, 0xC2, 0x78, 0x9C, 0x63, 0x68, 0x7A, 0xFD, 0x3F, 0x87, 0x81, 0x41,
    0xE0, 0x3F, 0x10, 0x70, 0x43, 0xA8, 0x7A, 0x06, 0x81, 0x1C, 0x61, 0x83, 0x7F, 0xE7, 0x19, 0x80,
    0xC2, 0xC9, 0x7F, 0xFF, 0x33, 0x30, 0x6C, 0x06, 0x89, 0x32, 0x24, 0xFC, 0x7F, 0x3F, 0xFB, 0xCF,
    0x7F, 0x86, 0x0F, 0xFF, 0xB9, 0x18, 0x7E, 0xFD, 0x67, 0xF8, 0xFC, 0x9F, 0x85, 0x01, 0x28, 0xF7,
    0xE5, 0xBF, 0xD4, 0x44, 0xA0, 0xDC, 0x47, 0xA0, 0x82, 0x7F, 0xFF, 0x19, 0x26, 0xFC, 0xFF, 0xBF,
    0x1F, 0x28, 0xC7, 0x70, 0xE3, 0x3D, 0x07, 0x88, 0x62, 0x60, 0x08, 0x98, 0x0F, 0x22, 0x19, 0x3E,
    0x71, 0x83, 0xA9, 0x9F, 0x1C, 0x60, 0xEA, 0xC7, 0x7F, 0x26, 0x10, 0xB5, 0xF1, 0x3D, 0x13, 0x03,
    0x00, 0xA9, 0x9E, 0x3C, 0x0A, 0x78, 0x9C, 0x63, 0x60, 0x30, 0xF8, 0xCF, 0xBA, 0xE1, 0x3C, 0x03,
    0x10, 0xFC, 0xB0, 0xFF, 0xA1, 0x0F, 0xA2, 0x0F, 0xBC, 0xFF, 0xCF, 0x06, 0xA2, 0x15, 0xFE, 0xAF,
    0x67, 0xC0, 0x06, 0x96, 0xFE, 0x7D, 0xBF, 0x96, 0x85, 0x81, 0xE1, 0xF2, 0x7F, 0x20, 0xE0, 0x60,
    0x08, 0xF8, 0x0F, 0xA1, 0xBF, 0xFC, 0xBF, 0x2F, 0x2A, 0x30, 0x99, 0x9D, 0xE1, 0xEF, 0x7F, 0x6E,
    0x90, 0xA2, 0x84, 0xFF, 0xEF, 0x19, 0x41, 0xF4, 0x86, 0xFF, 0xF5, 0x60, 0x4D, 0x0F, 0xFE, 0xDB,
    0x83, 0xE9, 0x0F, 0xFF, 0xE5, 0xC1, 0xF4, 0x47, 0x28, 0xFD, 0xE1, 0xBF, 0x3E, 0x54, 0x3E, 0x1F,
    0x4C, 0x2F, 0xF8, 0x7F, 0x1F, 0x4C, 0x1B, 0xFC, 0xFF, 0xCF, 0x09, 0x66, 0xFC, 0xFE, 0x7F, 0x5E,
    0x44, 0x61, 0x0A, 0x3B, 0xC3, 0x45, 0xA8, 0x3D, 0x0C, 0xBF, 0xA0, 0xB4, 0xC1, 0x89, 0x7F, 0xEF,
    0x7B, 0x98, 0x00, 0x9E, 0x0B, 0x42, 0x4E, 0x78, 0x9C, 0x63, 0xB8, 0xB0, 0x9F, 0xE1, 0xAB, 0x3D,
    0x83, 0xC2, 0x7F, 0x8B, 0xFF, 0x1C, 0x0C, 0x0C, 0xDF, 0xDE, 0x9F, 0x67, 0x60, 0x60, 0xD8, 0xF0,
    0x5F, 0x8E, 0x01, 0x15, 0x2C, 0xF9, 0xF7, 0x9E, 0x8B, 0x61, 0xE3, 0xFF, 0xFF, 0xFF, 0xE5, 0x19,
    0xFE, 0x80, 0xC8, 0x84, 0xFF, 0xFF, 0xD5, 0x0D, 0xA4, 0x0E, 0xFC, 0xCF, 0x07, 0xCA, 0x7D, 0xF8,
    0xCF, 0x0F, 0x24, 0x3F, 0xFE, 0xE7, 0x05, 0x93, 0x20, 0xF6, 0x83, 0xFF, 0xF1, 0x40, 0xB2, 0xE1,
    0xFF, 0x7F, 0x71, 0x03, 0x29, 0x81, 0x7F, 0x60, 0x5D, 0x97, 0xC0, 0x24, 0xC3, 0xF1, 0xFF, 0xE7,
    0xD9, 0x01, 0xAD, 0x32, 0x2E, 0xEB, 0x78, 0x9C, 0x63, 0x30, 0xF8, 0xCB, 0xC1, 0xC0, 0xC0, 0xB0,
    0xE0, 0x3F, 0x3F, 0x90, 0x84, 0xB0, 0x91, 0xC0, 0x7F, 0x10, 0x60, 0x44, 0x25, 0x21, 0xE2, 0x98,
    0xE4, 0xFF, 0xFF, 0xEB, 0xD1, 0x48, 0x5C, 0x2A, 0xE1, 0x26, 0x73, 0x20, 0x93, 0x00, 0x95, 0x08,
    0x42, 0x05, 0x78, 0x9C, 0x63, 0x60, 0x50, 0xF8, 0xCB, 0xC9, 0x00, 0x04, 0x0D, 0xFF, 0xE5, 0x41,
    0x14, 0x94, 0x87, 0x0A, 0x8E, 0xFD, 0x9F, 0xCB, 0xC4, 0xC0, 0x70, 0xF1, 0xFF, 0xFF, 0xFF, 0xF1,
    0x0C, 0x0C, 0x7F, 0x81, 0xD4, 0x7F, 0xA6, 0x82, 0xFF, 0xEB, 0x19, 0xBF, 0xFD, 0xE7, 0xB8, 0xF0,
    0x9F, 0x97, 0xE1, 0xC0, 0x7F, 0x9E, 0x0F, 0x20, 0xB1, 0xFF, 0xBC, 0x1F, 0x61, 0x14, 0x0F, 0x48,
    0xD7, 0x83, 0xFF, 0xFA, 0x20, 0x6A, 0xC2, 0xFF, 0xFB, 0x22, 0x0A, 0xD3, 0x19, 0x14, 0x40, 0x52,
    0xE7, 0x19, 0x18, 0xBE, 0x40, 0x28, 0x81, 0x1B, 0xFF, 0xCF, 0x69, 0x30, 0x00, 0x00, 0x29, 0x0D,
    0x36, 0xF6, 0x78, 0x9C, 0xFB, 0xFF, 0x1F, 0x08, 0x18, 0xFF, 0xA3, 0x90, 0x0C, 0x40, 0x80, 0x8D,
    0xFC, 0xFF, 0x7F, 0x3D, 0x1A, 0x89, 0x4B, 0x25, 0x4C, 0xFD, 0x7F, 0x0E, 0x64, 0x12, 0x28, 0xF8,
    0x84, 0x0B, 0x48, 0x28, 0x9C, 0x07, 0xC9, 0x37, 0xCC, 0x07, 0x91, 0x05, 0xFF, 0xED, 0x81, 0xA4,
    0xC0, 0x6F, 0x3D, 0x06, 0x00, 0x12, 0xF1, 0x43, 0xD0, 0x78, 0x9C, 0x63, 0x60, 0x38, 0xF6, 0x7F,
    0x2E, 0x13, 0x03, 0xC3, 0xC5, 0xFF, 0xFF, 0xFF, 0xC7, 0x33, 0x30, 0xFC, 0x05, 0x52, 0xFF, 0x99,
    0x0A, 0xFE, 0xAF, 0x67, 0xFC, 0xF6, 0x9F, 0xE3, 0xC2, 0x7F, 0x5E, 0x86, 0x03, 0xFF, 0x79, 0x3E,
    0x80, 0xC4, 0xFE, 0xF3, 0x7E, 0x84, 0x51, 0x3C, 0x0C, 0x40, 0xF0, 0xE0, 0xBF, 0x3E, 0x88, 0x9A,
    0xF0, 0xFF, 0xBE, 0x88, 0xC2, 0x74, 0x06, 0x05, 0x90, 0xD4, 0x79, 0x06, 0x86, 0x2F, 0x10, 0x4A,
    0xE0, 0xC6, 0xFF, 0x73, 0x1A, 0x60, 0xE9, 0x78, 0x10, 0xC9, 0xF0, 0x9D, 0x0D, 0x4C, 0xFD, 0x63,
    0x06, 0x53, 0x7F, 0xEF, 0x83, 0xA9, 0x2B, 0xFB, 0x19, 0x18, 0x00, 0xBE, 0xA3, 0x39, 0x68, 0x78,
    0x9C, 0xFB, 0xFF, 0x9F, 0x30, 0x98, 0x10, 0xFF, 0x83, 0xF5, 0x1F, 0xF3, 0xBF, 0xFB, 0x57, 0xF6,
    0x03, 0x00, 0x1E, 0x41, 0x2A, 0x3A, 0x78, 0x9C, 0xDB, 0x78, 0x9E, 0xE9, 0xC7, 0x7F, 0xEE, 0x1F,
    0xFF, 0xB9, 0x36, 0x9E, 0x67, 0x62, 0x00, 0x83, 0x6F, 0xFF, 0xD9, 0x89, 0x41, 0x0A, 0xFB, 0x18,
    0x1F, 0xF0, 0x32, 0x7C, 0xE5, 0x66, 0xF8, 0xFA, 0x9F, 0x75, 0xC1, 0x7B, 0x16, 0x00, 0x99, 0x0A,
    0x27, 0x2C, 0x78, 0x9C, 0x3D, 0xCC, 0x31, 0x0E, 0x01, 0x51, 0x14, 0x85, 0xE1, 0xF3, 0x0A, 0xF2,
    0x12, 0x8D, 0x52, 0x35, 0x99, 0x92, 0x6E, 0x4A, 0xAD, 0x65, 0x68, 0xB0, 0x03, 0x5B, 0x10, 0x0B,
    0x60, 0x09, 0x16, 0x23, 0xDA, 0x19, 0x8A, 0xA9, 0x14, 0x1A, 0x9D, 0x8E, 0x44, 0x32, 0x32, 0xDE,
    0xEF, 0x5E, 0x12, 0xA7, 0xF9, 0x72, 0x73, 0x4E, 0xAE, 0x9A, 0x2C, 0x4F, 0x51, 0x3A, 0x56, 0xA7,
    0x4A, 0x52, 0x4E, 0xCA, 0x0C, 0x3D, 0xE9, 0xE8, 0x9F, 0xC5, 0x8D, 0x72, 0xA4, 0x22, 0x01, 0x73,
    0xDD, 0xF9, 0xD2, 0x30, 0x0B, 0x93, 0xA9, 0x5A, 0xBA, 0xBE, 0x78, 0x13, 0x9D, 0x17, 0x5B, 0xE7,
    0x01, 0x9B, 0x20, 0xAD, 0x6C, 0xE8, 0x77, 0x6D, 0xF6, 0xCC, 0x03, 0xEC, 0xBC, 0xBE, 0x82, 0x53,
    0x40, 0x18, 0x48, 0x7D, 0xA3, 0x1D, 0x6B, 0xCF, 0xC5, 0x9E, 0x59, 0x96, 0x3F, 0xA2, 0xD6, 0x67,
    0xCA, 0xA1, 0xF4, 0x01, 0xE5, 0xE2, 0x47, 0xD9, 0x78, 0x9C, 0x6B, 0x78, 0xCF, 0xF8, 0xB0, 0x9F,
    0x81, 0xE1, 0x8F, 0xCC, 0x1F, 0x1E, 0x06, 0x86, 0x4F, 0xEF, 0xFF, 0x33, 0x31, 0x30, 0x24, 0xFC,
    0x8F, 0x67, 0x40, 0x05, 0x8D, 0x6F, 0xDE, 0x47, 0x33, 0x18, 0xFC, 0xFB, 0xFF, 0x7F, 0x3D, 0xC3,
    0x85, 0xFF, 0x20, 0xF2, 0xD3, 0x7F, 0x19, 0x85, 0x76, 0x86, 0x8F, 0xFF, 0xE3, 0x80, 0x92, 0x40,
    0x91, 0x3E, 0x26, 0x06, 0x05, 0xA0, 0x2C, 0x50, 0x5B, 0xC2, 0x9F, 0xFF, 0xFF, 0x19, 0x19, 0x18,
    0x14, 0xFE, 0xFC, 0x67, 0xDD, 0xA4, 0x2A, 0xF0, 0xE3, 0x3F, 0xEB, 0x67, 0xA0, 0xFA, 0xFF, 0x8C,
    0x20, 0x32, 0x1E, 0x64, 0x4C, 0x0F, 0x23, 0x03, 0x00, 0x90, 0x6B, 0x35, 0x10, 0x78, 0x9C, 0x63,
    0x60, 0xF8, 0xF1, 0xFF, 0xFF, 0x7C, 0x06, 0x20, 0x80, 0xD1, 0xA8, 0xE0, 0xF3, 0x7F, 0x1E, 0x06,
    0x86, 0x05, 0xFF, 0xFD, 0xA9, 0x45, 0x7F, 0x82, 0xD0, 0xF6, 0x60, 0x7A, 0xC3, 0x7F, 0xFD, 0x0F,
    0xFF, 0xF9, 0x19, 0x18, 0x2E, 0xFC, 0xE7, 0x3F, 0xF0, 0x3F, 0x1E, 0x6C, 0x59, 0xC2, 0xFF, 0xFF,
    0xAC, 0x0E, 0xFF, 0xFE, 0xB3, 0x31, 0xFC, 0xF9, 0x0F, 0x04, 0xE7, 0x19, 0x18, 0x0E, 0x82, 0x68,
    0x19, 0xA0, 0x4B, 0xB6, 0xFE, 0x7B, 0x1F, 0xC5, 0xC0, 0x00, 0x00, 0x0F, 0x5A, 0x50, 0x53, 0x78,
    0x9C, 0x63, 0xF8, 0xF0, 0xFF, 0xFF, 0x7F, 0x26, 0x06, 0x06, 0x28, 0x85, 0x02, 0x7E, 0xFE, 0x67,
    0x61, 0xF8, 0xFA, 0x9F, 0x83, 0x34, 0xEA, 0xDB, 0x7F, 0x8E, 0x1F, 0xFF, 0xD9, 0x81, 0x7A, 0x39,
    0xBE, 0xFD, 0xB7, 0x0B, 0xF8, 0xFF, 0x9F, 0xE3, 0xD3, 0x7F, 0x10, 0xE0, 0x98, 0xF0, 0xFF, 0xFF,
    0xFB, 0xEF, 0xFF, 0x39, 0x18, 0xAE, 0xBF, 0x97, 0x04, 0xAA, 0x04, 0x00, 0x19, 0x3E, 0x3F, 0x72,
    0x78, 0x9C, 0xFB, 0xFC, 0x9F, 0x87, 0x81, 0x61, 0xC1, 0x7F, 0xFF, 0xCF, 0x54, 0xA2, 0x3F, 0x41,
    0x68, 0x7B, 0x30, 0xBD, 0xE1, 0xBF, 0xFE, 0x87, 0xFF, 0xFC, 0x0C, 0x0C, 0x17, 0xFE, 0xF3, 0x1F,
    0xF8, 0x1F, 0xCF, 0xC0, 0x00, 0x54, 0x94, 0xF0, 0xFF, 0x3F, 0xAB, 0xC3, 0xBF, 0xFF, 0x6C, 0x0C,
    0x7F, 0xFE, 0x03, 0xC1, 0x79, 0x06, 0x86, 0x83, 0x20, 0x5A, 0x86, 0x81, 0x81, 0x61, 0xEB, 0xBF,
    0xF7, 0x51, 0x0C, 0x20, 0x60, 0xB0, 0x0E, 0x4C, 0x31, 0x7C, 0xE4, 0x81, 0xD0, 0xDF, 0xB9, 0x20,
    0xF4, 0xB7, 0xFF, 0x2C, 0x60, 0x7A, 0xC3, 0x7B, 0x66, 0x06, 0x06, 0x00, 0x36, 0xBE, 0x4F, 0xA0,
    0x78, 0x9C, 0xFB, 0xF9, 0x9F, 0x85, 0xE1, 0xEB, 0x7F, 0x8E, 0x9F, 0x24, 0x51, 0xDF, 0xFE, 0x73,
    0xFC, 0xF8, 0xCF, 0xCE, 0xF0, 0xF3, 0x3F, 0xC7, 0xB7, 0xFF, 0x76, 0x01, 0xFF, 0xFF, 0x73, 0x7C,
    0xFA, 0x0F, 0x02, 0x1C, 0x13, 0xFE, 0xFF, 0x7F, 0xFF, 0xFD, 0x3F, 0x07, 0xC3, 0xF5, 0xF7, 0x92,
    0x40, 0x95, 0x0C, 0x0C, 0x0C, 0x0A, 0x67, 0x19, 0x81, 0x24, 0xC3, 0x05, 0x39, 0x10, 0xC9, 0xF0,
    0x85, 0x17, 0x4C, 0x7D, 0x06, 0x6A, 0x05, 0x82, 0x09, 0xFF, 0x59, 0x19, 0x00, 0x99, 0xD6, 0x3D,
    0xFE, 0x78, 0x9C, 0x63, 0x08, 0xF8, 0xCF, 0x7C, 0x60, 0x3F, 0x03, 0x10, 0xFC, 0x92, 0xFB, 0x25,
    0x07, 0xA2, 0x2F, 0xBC, 0xFF, 0xCF, 0x02, 0xA2, 0x0D, 0xFE, 0xF7, 0x33, 0x20, 0xC0, 0x85, 0xFF,
    0x60, 0xC0, 0x89, 0x46, 0xB3, 0x40, 0xE4, 0xE6, 0x83, 0xD5, 0xFC, 0xFC, 0xCF, 0x0B, 0xA2, 0x1C,
    0xA0, 0xC2, 0x0F, 0xA1, 0xC2, 0xBF, 0x20, 0xC2, 0x01, 0xFF, 0xFF, 0x33, 0x83, 0xE8, 0x8F, 0x50,
    0x73, 0x7F, 0x43, 0x84, 0x0B, 0xA0, 0xC2, 0x9F, 0xFE, 0xD7, 0x83, 0x85, 0xFF, 0xFE, 0xE7, 0x01,
    0x51, 0x0D, 0xFF, 0xFF, 0x33, 0x81, 0xE8, 0xCF, 0x50, 0xFB, 0x7E, 0xA0, 0xD1, 0x00, 0xCB, 0x44,
    0x4E, 0x5C, 0x78, 0x9C, 0x63, 0xF8, 0xC3, 0xED, 0xF0, 0x9F, 0x85, 0xE1, 0xD3, 0xFC, 0x4F, 0xFD,
    0x0C, 0x0C, 0x01, 0xFF, 0xFF, 0xF1, 0x30, 0x30, 0x30, 0xFC, 0xFA, 0xCF, 0xC4, 0x80, 0x0C, 0x3E,
    0xFE, 0x07, 0x82, 0x7A, 0x24, 0x52, 0x1F, 0x28, 0xF8, 0xE7, 0x3F, 0x1B, 0x03, 0xC3, 0x84, 0xFF,
    0xEB, 0x81, 0xCC, 0xAF, 0xFF, 0x79, 0x19, 0x18, 0x14, 0xFE, 0x83, 0x74, 0x1D, 0xF8, 0x9F, 0x0F,
    0x14, 0xF8, 0xF9, 0x9F, 0x0B, 0x64, 0xD8, 0x7D, 0x20, 0xF3, 0x13, 0x48, 0x7D, 0xFF, 0x2F, 0x30,
    0xF9, 0x1B, 0x4C, 0x02, 0x00, 0x2A, 0x0A, 0x38, 0xEB, 0x78, 0x9C, 0x63, 0xF8, 0xC3, 0xBD, 0xE0,
    0xBE, 0xC1, 0x7F, 0xF6, 0x4F, 0xFD, 0x0B, 0xFE, 0x33, 0xFF, 0xF4, 0xFF, 0xF4, 0x5E, 0xE0, 0x3F,
    0xFF, 0xCF, 0xF5, 0x0D, 0xFF, 0xB9, 0x01, 0xB4, 0x48, 0x0E, 0x59, 0x78, 0x9C, 0x4B, 0xF8, 0xCF,
    0xFB, 0xF5, 0x3D, 0xC3, 0x82, 0xFF, 0x6C, 0x3F, 0xEB, 0x19, 0x1E, 0xBC, 0x67, 0xF8, 0xCB, 0xCF,
    0xF0, 0xB9, 0x5E, 0xE1, 0x3F, 0x07, 0xC3, 0x77, 0xBE, 0x84, 0xFF, 0x8C, 0x0C, 0x00, 0xF5, 0xB3,
    0x0E, 0x47, 0x78, 0x9C, 0x01, 0x19, 0x00, 0xE6, 0xFF, 0xA0, 0xFF, 0x09, 0xF9, 0xAF, 0xE0, 0xFF,
    0x02, 0xFD, 0x3F, 0xF3, 0xAF, 0x20, 0xFF, 0x0B, 0xF7, 0x3F, 0x60, 0xFF, 0x04, 0xFC, 0x0B, 0xB0,
    0xCF, 0x00, 0xCA, 0x0F, 0x0E, 0x59,
};
const GFXglyph OpenSans12BGlyphs[] = {
    { 0, 0, 7, 0, 0, 8, 0 }, //  
    { 6, 18, 8, 1, 18, 50, 8 }, // !
    { 8, 6, 12, 2, 18, 17, 58 }, // "
    { 15, 16, 15, 0, 18, 108, 75 }, // #
    { 13, 23, 14, 1, 20, 119, 183 }, // $
    { 20, 18, 22, 1, 18, 166, 302 }, // %
    { 21, 18, 21, 0, 18, 166, 468 }, // &
    { 4, 5, 7, 2, 18, 12, 634 }, // '
    { 9, 21, 9, 1, 18, 89, 646 }, // (
    { 8, 21, 9, 0, 18, 78, 735 }, // )
    { 11, 10, 11, 0, 18, 64, 813 }, // *
    { 13, 12, 18, 2, 13, 27, 877 }, // +
    { 6, 6, 7, 0, 3, 27, 904 }, // ,
    { 8, 3, 10, 1, 8, 15, 931 }, // -
    { 5, 4, 7, 1, 4, 19, 946 }, // .
    { 13, 20, 11, -1, 18, 101, 965 }, // /
    { 14, 18, 14, 0, 18, 117, 1066 }, // 0
    { 9, 18, 14, 2, 18, 40, 1183 }, // 1
    { 12, 18, 14, 1, 18, 95, 1223 }, // 2
    { 12, 18, 14, 1, 18, 97, 1318 }, // 3
    { 14, 18, 14, 0, 18, 71, 1415 }, // 4
    { 12, 18, 14, 1, 18, 92, 1486 }, // 5
    { 13, 18, 14, 1, 18, 113, 1578 }, // 6
    { 13, 18, 14, 1, 18, 77, 1691 }, // 7
    { 14, 18, 14, 0, 18, 126, 1768 }, // 8
    { 14, 18, 14, 0, 18, 118, 1894 }, // 9
    { 5, 13, 7, 1, 13, 25, 2012 }, // :
    { 6, 16, 7, 0, 13, 41, 2037 }, // ;
    { 12, 12, 18, 3, 13, 61, 2078 }, // <
    { 13, 7, 18, 2, 11, 21, 2139 }, // =
    { 12, 12, 18, 3, 13, 57, 2160 }, // >
    { 11, 18, 11, 0, 18, 94, 2217 }, // ?
    { 22, 20, 24, 1, 18, 197, 2311 }, // @
    { 18, 18, 18, 0, 18, 126, 2508 }, // A
    { 14, 18, 16, 2, 18, 91, 2634 }, // B
    { 15, 18, 16, 0, 18, 107, 2725 }, // C
    { 16, 18, 18, 2, 18, 100, 2832 }, // D
    { 11, 18, 13, 2, 18, 33, 2932 }, // E
    { 11, 18, 13, 2, 18, 29, 2965 }, // F
    { 17, 18, 18, 0, 18, 124, 2994 }, // G
    { 16, 18, 19, 2, 18, 27, 3118 }, // H
    { 4, 18, 8, 2, 18, 12, 3145 }, // I
    { 10, 18, 11, 0, 18, 47, 3157 }, // J
    { 15, 18, 16, 2, 18, 102, 3204 }, // K
    { 11, 18, 13, 2, 18, 20, 3306 }, // L
    { 20, 18, 24, 2, 18, 129, 3326 }, // M
    { 16, 18, 20, 2, 18, 82, 3455 }, // N
    { 19, 18, 19, 0, 18, 134, 3537 }, // O
    { 13, 18, 15, 2, 18, 69, 3671 }, // P
    { 20, 20, 19, 0, 18, 148, 3740 }, // Q
    { 15, 18, 16, 2, 18, 93, 3888 }, // R
    { 13, 18, 14, 1, 18, 110, 3981 }, // S
    { 15, 18, 15, 0, 18, 25, 4091 }, // T
    { 16, 18, 18, 1, 18, 73, 4116 }, // U
    { 17, 18, 17, 0, 18, 114, 4189 }, // V
    { 25, 18, 25, 0, 18, 182, 4303 }, // W
    { 17, 18, 16, 0, 18, 133, 4485 }, // X
    { 16, 18, 15, 0, 18, 96, 4618 }, // Y
    { 15, 18, 15, 0, 18, 77, 4714 }, // Z
    { 7, 22, 9, 2, 18, 22, 4791 }, // [
    { 12, 20, 11, 0, 18, 94, 4813 }, // U+005C
    { 7, 22, 9, 0, 18, 22, 4907 }, // ]
    { 14, 10, 18, 2, 18, 71, 4929 }, // ^
    { 11, 1, 10, 0, -2, 12, 5000 }, // _
    { 8, 4, 8, 0, 19, 23, 5012 }, // `
    { 13, 13, 13, 0, 13, 88, 5035 }, // a
    { 14, 19, 16, 1, 19, 98, 5123 }, // b
    { 12, 13, 12, 0, 13, 72, 5221 }, // c
    { 14, 19, 15, 0, 19, 93, 5293 }, // d
    { 13, 13, 14, 0, 13, 82, 5386 }, // e
    { 10, 19, 10, 0, 19, 43, 5468 }, // f
    { 14, 19, 15, 0, 13, 122, 5511 }, // g
    { 13, 19, 15, 1, 19, 58, 5633 }, // h
    { 5, 19, 7, 1, 19, 28, 5691 }, // i
    { 8, 25, 7, -2, 19, 50, 5719 }, // j
    { 14, 19, 14, 1, 19, 83, 5769 }, // k
    { 5, 19, 7, 1, 19, 14, 5852 }, // l
    { 21, 13, 23, 1, 13, 70, 5866 }, // m
    { 13, 13, 15, 1, 13, 56, 5936 }, // n
    { 15, 13, 15, 0, 13, 93, 5992 }, // o
    { 14, 19, 16, 1, 13, 98, 6085 }, // p
    { 14, 19, 15, 0, 13, 98, 6183 }, // q
    { 9, 13, 10, 1, 13, 42, 6281 }, // r
    { 11, 13, 11, 0, 13, 79, 6323 }, // s
    { 10, 17, 10, 0, 17, 48, 6402 }, // t
    { 13, 13, 15, 1, 13, 55, 6450 }, // u
    { 14, 13, 14, 0, 13, 97, 6505 }, // v
    { 20, 13, 20, 0, 13, 126, 6602 }, // w
    { 14, 13, 14, 0, 13, 89, 6728 }, // x
    { 15, 19, 13, -1, 13, 123, 6817 }, // y
    { 12, 13, 12, 0, 13, 66, 6940 }, // z
    { 8, 22, 9, 1, 18, 63, 7006 }, // {
    { 4, 25, 8, 2, 19, 13, 7069 }, // |
    { 7, 22, 9, 1, 18, 64, 7082 }, // }
    { 14, 4, 18, 2, 9, 37, 7146 }, // ~
    { 0, 0, 7, 0, 0, 8, 7183 }, // U+00A0
    { 6, 18, 8, 1, 13, 51, 7191 }, // U+00A1
    { 11, 18, 14, 2, 18, 73, 7242 }, // U+00A2
    { 13, 18, 14, 1, 18, 76, 7315 }, // U+00A3
    { 14, 13, 14, 0, 15, 76, 7391 }, // U+00A4
    { 15, 18, 14, 0, 18, 87, 7467 }, // U+00A5
    { 4, 25, 8, 2, 19, 20, 7554 }, // U+00A6
    { 10, 19, 12, 1, 18, 106, 7574 }, // U+00A7
    { 10, 3, 12, 1, 18, 21, 7680 }, // U+00A8
    { 20, 18, 22, 1, 18, 148, 7701 }, // U+00A9
    { 10, 10, 10, 0, 18, 58, 7849 }, // U+00AA
    { 14, 8, 15, 0, 10, 55, 7907 }, // U+00AB
    { 13, 7, 18, 2, 10, 21, 7962 }, // U+00AC
    { 8, 3, 10, 1, 8, 15, 7983 }, // U+00AD
    { 16, 15, 22, 3, 18, 121, 7998 }, // U+00AE
    { 11, 1, 10, 0, 19, 12, 8119 }, // U+00AF
    { 8, 7, 10, 1, 18, 32, 8131 }, // U+00B0
    { 13, 16, 18, 2, 16, 34, 8163 }, // U+00B1
    { 8, 10, 10, 1, 22, 49, 8197 }, // U+00B2
    { 8, 10, 10, 1, 22, 51, 8246 }, // U+00B3
    { 8, 4, 8, 0, 19, 24, 8297 }, // U+00B4
    { 14, 18, 15, 1, 13, 52, 8321 }, // U+00B5
    { 11, 18, 13, 1, 18, 40, 8373 }, // U+00B6
    { 5, 4, 7, 1, 10, 19, 8413 }, // U+00B7
    { 6, 6, 5, 0, 0, 27, 8432 }, // U+00B8
    { 6, 10, 10, 1, 22, 25, 8459 }, // U+00B9
    { 11, 9, 11, 0, 18, 59, 8484 }, // U+00BA
    { 14, 8, 15, 0, 10, 52, 8543 }, // U+00BB
    { 22, 18, 24, 1, 18, 141, 8595 }, // U+00BC
    { 22, 18, 24, 1, 18, 142, 8736 }, // U+00BD
    { 23, 18, 24, 1, 18, 167, 8878 }, // U+00BE
    { 11, 18, 11, 0, 13, 81, 9045 }, // U+00BF
    { 18, 24, 18, 0, 24, 145, 9126 }, // U+00C0
    { 18, 24, 18, 0, 24, 144, 9271 }, // U+00C1
    { 18, 24, 18, 0, 24, 146, 9415 }, // U+00C2
    { 18, 23, 18, 0, 23, 148, 9561 }, // U+00C3
    { 18, 23, 18, 0, 23, 144, 9709 }, // U+00C4
    { 18, 22, 18, 0, 22, 147, 9853 }, // U+00C5
    { 24, 18, 23, -1, 18, 106, 10000 }, // U+00C6
    { 15, 24, 16, 0, 18, 136, 10106 }, // U+00C7
    { 11, 24, 13, 2, 24, 49, 10242 }, // U+00C8
    { 11, 24, 13, 2, 24, 53, 10291 }, // U+00C9
    { 11, 24, 13, 2, 24, 56, 10344 }, // U+00CA
    { 11, 23, 13, 2, 23, 46, 10400 }, // U+00CB
    { 8, 24, 8, -1, 24, 32, 10446 }, // U+00CC
    { 7, 24, 8, 1, 24, 30, 10478 }, // U+00CD
    { 10, 24, 8, -1, 24, 37, 10508 }, // U+00CE
    { 10, 23, 8, -1, 23, 30, 10545 }, // U+00CF
    { 18, 18, 18, 0, 18, 108, 10575 }, // U+00D0
    { 16, 23, 20, 2, 23, 106, 10683 }, // U+00D1
    { 19, 24, 19, 0, 24, 150, 10789 }, // U+00D2
    { 19, 24, 19, 0, 24, 156, 10939 }, // U+00D3
    { 19, 24, 19, 0, 24, 159, 11095 }, // U+00D4
    { 19, 23, 19, 0, 23, 154, 11254 }, // U+00D5
    { 19, 23, 19, 0, 23, 154, 11408 }, // U+00D6
    { 13, 12, 18, 2, 13, 81, 11562 }, // U+00D7
    { 19, 18, 19, 0, 18, 159, 11643 }, // U+00D8
    { 16, 24, 18, 1, 24, 90, 11802 }, // U+00D9
    { 16, 24, 18, 1, 24, 91, 11892 }, // U+00DA
    { 16, 24, 18, 1, 24, 98, 11983 }, // U+00DB
    { 16, 23, 18, 1, 23, 94, 12081 }, // U+00DC
    { 16, 23, 15, 0, 23, 117, 12175 }, // U+00DD
    { 13, 18, 15, 2, 18, 64, 12292 }, // U+00DE
    { 14, 19, 16, 1, 19, 121, 12356 }, // U+00DF
    { 13, 19, 13, 0, 19, 105, 12477 }, // U+00E0
    { 13, 19, 13, 0, 19, 109, 12582 }, // U+00E1
    { 13, 19, 13, 0, 19, 114, 12691 }, // U+00E2
    { 13, 18, 13, 0, 18, 111, 12805 }, // U+00E3
    { 13, 18, 13, 0, 18, 106, 12916 }, // U+00E4
    { 13, 19, 13, 0, 19, 112, 13022 }, // U+00E5
    { 21, 13, 21, 0, 13, 121, 13134 }, // U+00E6
    { 12, 19, 12, 0, 13, 100, 13255 }, // U+00E7
    { 13, 19, 14, 0, 19, 100, 13355 }, // U+00E8
    { 13, 19, 14, 0, 19, 101, 13455 }, // U+00E9
    { 13, 19, 14, 0, 19, 107, 13556 }, // U+00EA
    { 13, 18, 14, 0, 18, 99, 13663 }, // U+00EB
    { 8, 19, 7, -1, 19, 31, 13762 }, // U+00EC
    { 8, 19, 7, 0, 19, 31, 13793 }, // U+00ED
    { 10, 19, 7, -1, 19, 36, 13824 }, // U+00EE
    { 11, 18, 7, -2, 18, 32, 13860 }, // U+00EF
    { 14, 19, 15, 0, 19, 121, 13892 }, // U+00F0
    { 13, 18, 15, 1, 18, 77, 14013 }, // U+00F1
    { 15, 19, 15, 0, 19, 112, 14090 }, // U+00F2
    { 15, 19, 15, 0, 19, 114, 14202 }, // U+00F3
    { 15, 19, 15, 0, 19, 117, 14316 }, // U+00F4
    { 15, 18, 15, 0, 18, 116, 14433 }, // U+00F5
    { 15, 18, 15, 0, 18, 115, 14549 }, // U+00F6
    { 13, 13, 18, 2, 14, 44, 14664 }, // U+00F7
    { 15, 15, 15, 0, 14, 116, 14708 }, // U+00F8
    { 13, 19, 15, 1, 19, 73, 14824 }, // U+00F9
    { 13, 19, 15, 1, 19, 74, 14897 }, // U+00FA
    { 13, 19, 15, 1, 19, 81, 14971 }, // U+00FB
    { 13, 18, 15, 1, 18, 72, 15052 }, // U+00FC
    { 15, 25, 13, -1, 19, 140, 15124 }, // U+00FD
    { 14, 25, 16, 1, 19, 101, 15264 }, // U+00FE
    { 15, 24, 13, -1, 18, 143, 15365 }, // U+00FF
    { 18, 23, 18, 0, 18, 146, 15508 }, // U+0104
    { 13, 18, 13, 0, 13, 111, 15654 }, // U+0105
    { 15, 24, 16, 0, 24, 130, 15765 }, // U+010C
    { 12, 19, 12, 0, 19, 95, 15895 }, // U+010D
    { 11, 23, 13, 2, 23, 44, 15990 }, // U+0116
    { 13, 18, 14, 0, 18, 96, 16034 }, // U+0117
    { 11, 23, 13, 2, 18, 55, 16130 }, // U+0118
    { 13, 18, 14, 0, 13, 102, 16185 }, // U+0119
    { 4, 23, 8, 2, 18, 23, 16287 }, // U+012E
    { 5, 24, 7, 1, 19, 44, 16310 }, // U+012F
    { 13, 23, 14, 1, 23, 134, 16354 }, // U+0160
    { 11, 19, 11, 0, 19, 101, 16488 }, // U+0161
    { 16, 22, 18, 1, 22, 82, 16589 }, // U+016A
    { 13, 17, 15, 1, 17, 65, 16671 }, // U+016B
    { 16, 23, 18, 1, 18, 96, 16736 }, // U+0172
    { 13, 18, 15, 1, 13, 81, 16832 }, // U+0173
    { 15, 23, 15, 0, 23, 97, 16913 }, // U+017D
    { 12, 19, 12, 0, 19, 87, 17010 }, // U+017E
    { 10, 5, 12, 1, 18, 34, 17097 }, // U+201C
    { 11, 5, 12, 1, 18, 39, 17131 }, // U+201D
    { 10, 5, 12, 1, 2, 36, 17170 }, // U+201E
};
const UnicodeInterval OpenSans12BIntervals[] = {
    { 0x20, 0x7E, 0x0 },
    { 0xA0, 0xFF, 0x5F },
    { 0x104, 0x105, 0xBF },
    { 0x10C, 0x10D, 0xC1 },
    { 0x116, 0x119, 0xC3 },
    { 0x12E, 0x12F, 0xC7 },
    { 0x160, 0x161, 0xC9 },
    { 0x16A, 0x16B, 0xCB },
    { 0x172, 0x173, 0xCD },
    { 0x17D, 0x17E, 0xCF },
    { 0x201C, 0x201E, 0xD1 },
};
const GFXfont OpenSans12B = {
    (uint8_t*)OpenSans12BBitmaps,
    (GFXglyph*)OpenSans12BGlyphs,
    (UnicodeInterval*)OpenSans12BIntervals,
    11,
    1,
    33,
    27,
    -7,
};
